name,team,rating,position,pace,acceleration,sprint_speed,shooting,positioning,finishing,long_shot,penalties,shot_power,volleys,passing,crossing,curve,freekick_accuracy,longpass,shortpass,vision,dribbling,agility,balance,ball_control,reactions,composure,defending,heading_accuracy,interceptions,marking,stand_tackle,slide_tackle,physicality,aggression,jumping,stamina,strength
De Gea,Manchester United,91,GK,58,57,58,18,12,13,12,40,31,13,44,17,21,19,51,50,68,34,60,43,42,90,64,20,21,30,13,21,13,53,38,67,40,64
Kevin De Bruyne,Manchester City,91,CAM,77,78,76,85,86,83,88,77,89,82,90,92,85,83,87,91,92,87,82,79,90,90,84,52,54,60,40,58,51,76,73,65,88,73
Eden Hazard,Chelsea,91,LW,90,93,88,82,87,84,80,86,79,80,86,81,83,79,83,89,89,93,93,93,93,87,87,32,60,41,25,27,22,68,54,59,81,67
 Thibaut Courtois,Chelsea,89,GK,49,46,52,20,13,14,17,27,36,12,30,14,19,20,35,33,44,26,61,45,23,80,52,15,13,15,11,18,16,53,23,68,38,70
David Silva,Manchester City,89,CAM,68,72,65,74,86,73,73,73,71,80,87,83,82,76,81,92,93,89,92,89,91,85,92,41,54,46,27,50,29,63,55,66,81,56
Sergio Aguero,Manchester City,89,ST,86,90,83,88,91,91,83,83,88,85,76,70,82,72,63,81,83,89,86,91,89,89,90,23,74,24,13,20,12,74,63,80,77,76
N'Golo Kante,Chelsea,88,CDM,81,82,80,66,71,65,69,54,71,56,76,68,49,49,81,85,79,80,83,90,79,87,84,81,54,91,75,89,85,84,90,79,95,77
Harry Kane,Tottenham Hotspur,88,ST,74,72,75,89,92,92,85,86,87,77,78,75,75,68,80,79,80,80,73,62,84,90,84,42,83,35,41,36,38,84,76,70,88,87
Paul Pogba,Manchester United,88,CM,77,75,78,79,83,73,82,76,90,85,86,80,84,82,88,87,88,85,76,63,89,84,85,69,75,70,64,70,68,88,78,85,91,91
Christian Eriksen,Tottenham Hotspur,88,CAM,75,77,74,82,83,81,87,67,84,74,88,87,86,86,86,90,90,85,80,82,89,86,87,47,52,56,39,57,22,63,46,55,91,57
Alexis Sanchez,Manchester United,88,LW,86,88,84,83,85,84,82,77,84,83,79,81,79,78,73,79,82,89,92,87,87,87,86,43,70,50,30,44,35,78,80,85,86,72
Hugo Lloris,Tottenham Hotspur,88,GK,63,65,62,15,10,10,14,40,23,11,35,13,11,10,50,50,30,28,55,54,34,84,61,15,10,27,12,10,18,42,31,74,41,43
Mohamed Salah,Liverpool,87,RW,93,94,93,82,89,88,81,61,77,73,78,77,82,60,67,82,82,88,87,88,88,88,75,45,59,55,37,43,41,75,63,70,85,76
Pierre-Emerick Aubameyang,Arsenal,87,ST,95,94,95,84,89,87,78,76,81,86,75,77,78,74,64,77,77,80,77,70,82,86,84,37,79,48,28,25,36,70,43,77,78,76
 Mesut Ozil,Arsenal,87,CAM,72,75,69,73,82,73,75,67,70,77,86,82,84,78,83,89,91,85,83,70,89,85,78,24,54,24,22,16,19,58,48,52,71,57
Romelu Lukaku,Manchester United,86,ST,84,78,89,85,87,88,76,80,88,78,74,75,74,66,73,74,74,74,62,47,73,85,84,34,87,27,27,30,30,85,72,72,80,93
Azpilicueta,Chelsea,86,CB,78,77,79,55,62,46,60,66,68,51,77,80,68,58,80,81,74,74,75,73,79,87,78,87,76,85,89,89,87,79,82,76,88,74
Jan Vertonghen,Tottenham Hotspur,86,CB,67,68,67,65,60,56,68,68,86,52,73,68,58,73,74,79,68,70,62,55,74,83,81,86,82,86,86,87,87,82,84,83,79,82
Leroy Sane,Manchester City,85,LW,94,93,95,80,84,80,77,67,85,72,78,83,82,68,64,79,81,87,90,82,85,80,76,35,72,32,26,32,35,71,59,66,83,70
Ederson,Manchester City,85,GK,63,64,63,21,20,14,18,17,42,18,47,20,15,20,55,56,67,35,60,48,37,86,58,14,14,25,9,15,8,54,35,58,41,68
Raheem Sterling,Manchester City,85,RW,93,94,92,73,86,76,70,63,70,64,76,76,68,61,67,83,76,87,91,92,87,82,74,46,38,26,48,58,54,64,34,60,81,67
Roberto Firmino,Liverpool,85,ST,79,78,79,82,86,86,76,72,81,81,80,72,80,67,75,86,86,86,82,82,87,86,78,51,75,58,30,62,42,80,71,83,90,79
Nicolas Otamendi,Manchester City,85,CB,63,62,64,57,51,54,56,45,69,57,62,52,50,39,72,75,48,59,69,62,69,78,84,85,85,86,83,86,85,83,91,87,76,83
Nemanja Matic,Manchester United,85,CDM,64,62,66,70,69,64,75,69,78,74,78,71,70,67,82,84,75,75,56,53,79,85,84,81,77,85,78,85,75,87,83,71,89,89
Ilkay Gundogan,Manchester City,85,CM,70,72,69,74,79,72,74,76,77,75,83,74,81,74,83,88,87,85,82,80,87,86,86,64,49,78,57,67,64,71,68,62,71,73
Leroy Sane,Manchester City,85,LW,94,93,95,80,84,80,77,67,85,72,78,83,82,68,64,79,81,87,90,82,85,80,76,35,72,32,26,32,35,71,59,66,83,70
Nemanja Matic,Manchester United,85,CDM,64,62,66,70,69,64,75,69,78,74,78,71,70,67,82,84,75,75,56,53,79,85,84,81,77,85,78,85,75,87,83,71,89,89
Vincent Kompany,Manchester City,85,CB,62,59,64,54,41,45,55,63,75,46,65,61,61,52,66,73,59,65,59,42,70,84,81,84,84,80,84,85,84,83,87,71,74,88
Ederson,Manchester City,85,GK,63,64,63,21,20,14,18,17,42,18,47,20,15,20,55,56,67,35,60,48,37,86,58,14,14,25,9,15,8,54,35,58,41,68
Morata,Chelsea,84,ST,83,79,86,80,85,83,76,70,80,81,71,73,76,44,51,79,76,80,65,60,82,80,79,24,86,24,14,14,20,74,56,79,73,81
Virgil van Dijk,Liverpool,84,CB,74,71,76,60,41,52,64,62,81,45,67,53,60,70,76,76,59,69,57,51,73,82,82,84,82,85,83,85,83,85,80,80,76,92
Heung Min Son,Tottenham Hotspur,84,LM,87,88,87,84,85,85,87,71,85,75,76,78,81,70,64,79,79,85,83,78,85,84,78,36,65,39,27,34,33,69,60,65,85,64
Riyad Mahrez,Leicester City,84,RM,82,85,80,76,80,76,76,72,79,72,79,81,84,79,76,78,82,89,92,86,89,77,82,32,48,38,27,31,18,58,41,62,76,55
Eric Bailly,Manchester United,84,CB,78,75,80,42,47,33,48,46,55,42,59,51,46,43,56,72,54,65,63,63,68,78,74,84,81,85,82,85,85,84,87,84,78,85
Alexandre Lacazette,Arsenal,84,ST,84,82,85,82,87,85,75,84,81,81,71,64,74,71,59,79,74,85,87,84,83,85,86,38,72,40,23,42,30,76,70,76,79,76
Kyle Walker,Manchester City,84,RB,90,87,93,63,66,51,68,63,86,57,74,81,76,71,67,77,69,77,70,72,78,82,75,81,74,80,79,84,83,83,78,83,90,81
Bernardo Silva,Manchester City,84,RW,80,85,76,72,80,74,70,64,70,66,83,85,83,63,78,85,84,89,88,86,89,82,84,45,51,49,46,44,35,61,58,53,82,53
Petr Cech,Arsenal,84,GK,37,35,38,14,13,12,11,23,21,17,33,19,13,19,33,35,53,23,49,34,22,81,70,15,19,23,11,13,12,46,17,51,32,65
David Luiz,Chelsea,84,CB,71,69,72,65,54,55,73,75,79,64,74,68,70,76,78,78,69,71,72,56,79,77,78,82,81,84,77,84,83,80,86,80,75,81
Sadio Mane,Liverpool,84,LW,93,94,92,78,84,84,69,71,77,71,75,72,74,64,71,78,79,85,89,85,84,81,78,36,53,31,33,35,38,75,73,77,82,72
Moussa Dembele,Tottenham Hotspur,84,CM,76,75,77,71,70,66,71,67,85,73,77,65,65,55,80,86,80,87,82,76,89,84,89,77,70,82,71,83,70,84,79,77,76,91
Willian,Chelsea,84,RW,88,91,86,77,80,77,81,70,78,59,80,76,82,83,77,80,83,85,89,81,84,82,79,49,31,55,43,57,51,64,44,46,87,63
Henrikh Mkhitaryan,Arsenal,84,CAM,86,88,84,78,82,76,73,72,87,81,79,77,83,64,72,81,84,86,89,85,86,81,79,54,53,64,49,53,55,70,69,71,86,63
Dele Alli,Tottenham Hotspur,84,CAM,76,77,76,80,86,83,80,68,77,76,77,68,71,53,76,84,84,82,74,62,85,85,86,64,77,67,60,63,57,78,84,69,89,71
Ander Herrera,Manchester United,83,CM,73,76,70,72,78,71,69,79,75,69,80,74,80,65,80,85,83,82,84,82,85,85,84,79,60,87,80,79,76,77,86,63,88,70
Aymeric Laporte,Manchester City,83,CB,69,68,70,50,54,45,47,35,68,40,66,58,61,69,78,75,52,62,49,55,72,82,74,85,85,85,85,86,85,78,72,77,71,84
Anthony Martial,Manchester United,83,LM,90,92,89,81,81,84,75,81,84,74,73,76,84,54,60,77,73,86,85,82,86,81,78,41,70,42,35,39,36,73,59,80,78,76
Pedro,Chelsea,83,RW,82,84,80,78,83,81,79,66,74,70,78,78,81,57,71,83,77,84,84,82,86,83,78,37,55,49,30,32,31,62,56,67,78,56
Aaron Ramsey,Arsenal,83,CM,68,67,69,75,83,72,74,75,81,79,79,75,70,70,80,84,80,81,76,75,82,81,81,65,58,69,60,70,67,75,73,67,91,69
Shkodran Mustafi,Arsenal,83,CB,67,64,69,57,50,58,52,54,66,51,63,50,55,47,69,77,55,62,66,69,70,82,74,83,81,85,82,84,82,79,79,84,74,81
Laurent Koscielny,Arsenal,83,CB,72,71,73,41,41,32,47,51,54,35,62,52,22,49,69,76,56,65,68,62,67,80,75,83,81,85,81,85,84,78,87,82,75,76
Gabriel Jesus,Manchester City,83,ST,87,89,86,81,87,86,73,78,78,72,71,66,76,54,66,76,76,87,92,91,85,86,84,28,70,32,20,23,19,73,58,75,87,72
Juan Mata,Manchester United,83,RM,67,71,63,76,83,78,70,81,75,71,84,84,84,84,79,86,86,85,85,89,88,84,85,33,59,39,25,31,21,55,54,72,78,43
Antonio Valencia,Manchester United,83,RB,87,88,87,67,73,60,66,55,85,70,76,83,69,66,70,80,71,81,75,83,81,86,82,79,64,82,78,83,78,85,84,70,88,85
Kasper Schmeichel,Leicester City,82,GK,60,60,60,18,13,12,14,26,36,15,39,18,13,15,46,44,59,31,62,47,40,80,52,15,16,20,14,14,13,51,35,60,34,64
Davinson Sanchez,Tottenham Hotspur,82,CB,78,76,80,47,34,40,44,44,74,28,55,36,30,27,64,75,44,65,62,55,70,77,72,82,81,78,83,83,86,83,85,74,79,86
Olivier Giroud, Chelsea,82,ST,53,51,55,82,83,83,74,83,85,82,70,64,70,65,58,77,75,73,59,52,82,83,78,38,90,42,26,37,20,83,76,82,74,90
Gary Cahill,Chelsea,82,CB,59,58,60,58,45,56,66,53,63,47,53,28,48,27,61,66,56,61,60,50,63,82,75,83,85,81,83,84,82,78,85,81,69,80
Xherdan Shaqiri,Stoke City,82,RW,83,86,81,77,75,73,82,65,87,76,81,80,88,84,78,81,80,85,87,91,85,80,79,49,45,55,45,49,48,71,61,55,76,75
Granit Xhaka,Arsenal,82,CM,50,48,51,66,77,49,83,59,88,50,79,66,68,70,86,85,82,71,53,61,80,81,74,71,62,75,71,73,68,78,92,39,78,76
Idrissa Gueye,Everton,82,CDM,76,78,75,59,67,50,66,54,80,32,69,60,33,43,72,81,70,77,75,82,79,79,80,82,69,87,79,86,85,81,84,85,88,76
Andreas Christensen,Chelsea,82,CB,73,74,72,31,32,36,20,36,31,25,63,49,32,22,75,78,62,69,63,62,73,80,72,84,80,82,83,88,85,72,73,74,69,72
Jamie Vardy,Leicester City,82,ST,91,91,91,81,84,85,67,78,85,82,63,64,60,57,48,65,72,77,78,78,76,86,79,52,68,49,48,52,51,79,92,75,88,69
Adrien Silva,Leicester City,82,CM,65,64,65,75,74,69,80,85,83,75,81,78,79,75,83,83,83,80,73,67,85,76,82,76,61,80,78,78,73,71,79,56,86,62
Adam Lallana,Liverpool,82,CM,72,73,71,74,76,77,72,70,72,72,80,74,77,66,77,86,83,84,82,75,86,75,80,65,67,68,60,67,62,72,74,72,84,66
Marcos Alonso,Chelsea,82,LWB,76,74,77,73,76,68,77,64,84,55,78,84,85,86,73,79,69,78,67,58,81,84,75,78,76,76,77,82,78,81,75,70,90,79
Joel Matip,Liverpool,82,CB,67,60,73,46,51,36,48,42,66,50,68,54,63,22,74,77,72,66,58,49,71,81,75,83,85,84,82,85,79,77,78,67,73,80
Wilfried Zaha, Crystal Palace,82,CF,91,90,91,74,78,77,67,66,77,59,73,81,57,51,65,75,77,88,89,80,87,77,76,33,46,23,36,32,34,74,72,50,78,76
Lucas,Tottenham Hotspur,82,RW,93,95,92,74,78,72,71,75,79,70,75,75,69,74,74,77,73,85,94,87,82,75,79,45,50,50,39,43,51,62,67,71,68,56
Georginio Wijnaldum,Liverpool,82,CM,81,79,82,75,82,74,71,74,78,73,76,67,76,70,74,83,78,84,82,80,84,82,79,66,72,70,60,69,64,74,64,82,87,71
Serge Aurier,Tottenham Hotspur,81,RB,84,84,84,64,72,60,58,66,78,50,73,80,69,30,72,76,71,77,76,78,77,80,75,78,75,76,77,80,82,83,83,93,85,81
Marcus Rashford,Manchester United,81,LM,92,93,92,78,81,79,71,74,85,72,74,77,77,78,65,75,74,83,90,78,80,79,74,39,72,42,29,37,33,74,67,63,83,73
Antonio Rudiger,Chelsea,81,CB,74,70,77,40,33,27,41,40,70,34,67,68,35,56,72,75,57,63,62,50,68,81,73,81,78,79,81,84,81,79,89,73,65,82
Nathaniel Clyne,Liverpool,81,RB,83,82,83,61,72,54,69,46,74,45,71,79,64,39,67,77,64,77,83,76,76,73,75,80,67,79,81,83,86,75,76,69,82,71
Eric Dier,Tottenham Hotspur,81,CDM,73,70,75,63,53,52,72,70,83,52,72,67,54,74,78,77,68,65,56,40,71,80,77,81,83,82,79,82,84,86,90,77,82,88
Deulofeu,Watford,81,RW,93,93,93,70,78,70,65,78,72,68,75,76,84,78,62,79,74,87,93,79,87,74,76,26,40,25,20,30,22,60,40,72,76,59
Marko Arnautovic,West Ham United,81,ST,81,79,83,78,81,78,73,77,81,79,78,81,79,74,74,78,77,80,73,63,83,77,77,46,74,44,40,48,36,82,84,68,80,84
Jesse Lingard,Manchester United,81,CAM,84,85,83,77,84,78,80,65,78,64,74,72,77,56,65,78,78,83,85,84,83,82,75,52,64,53,52,50,44,70,73,65,85,61
Jack Wilshere,Arsenal,81,CM,72,75,69,69,80,64,73,65,75,64,80,73,80,72,80,84,83,82,80,85,84,80,80,62,58,61,61,65,65,72,82,67,77,66
Danny Rose,Tottenham Hotspur,81,LB,80,80,80,63,68,57,69,57,72,64,73,81,64,57,66,76,73,77,72,76,76,82,73,80,62,81,81,83,84,78,87,75,79,74
Iborra,Leicester City,81,CDM,50,49,51,72,77,70,65,73,81,66,74,53,66,70,81,83,76,70,54,38,81,76,73,80,81,81,79,82,74,83,78,73,79,87
Ben Davies,Tottenham Hotspur,81,LB,76,78,75,58,71,58,52,54,67,37,75,83,72,48,70,78,75,76,73,68,78,77,73,80,69,79,81,83,82,77,76,75,87,73
Gylfi Sigurdsson,Everton,81,LM,64,62,66,81,78,79,85,83,82,75,84,86,87,89,78,84,83,79,71,61,84,76,81,56,60,54,55,56,55,72,57,70,85,71
Seamus Coleman,Everton,81,RB,79,80,78,66,75,62,66,55,75,64,72,81,42,35,70,78,70,78,76,74,78,81,78,81,69,80,82,84,82,75,78,72,79,73
Chris Smalling,Manchester United,81,CB,73,69,77,46,48,50,35,52,42,54,56,52,49,22,63,66,49,59,60,48,58,75,71,81,83,82,80,82,80,83,83,77,77,87
Jack Butland,Stoke City,81,GK,56,58,55,19,16,16,13,42,29,12,30,11,12,14,30,40,40,33,55,50,36,73,59,16,12,27,16,13,11,61,40,76,40,79
Victor Wanyama,Tottenham Hotspur,81,CDM,64,60,68,65,63,61,60,65,79,60,70,62,62,57,70,78,67,74,71,66,76,82,76,81,73,84,79,86,78,90,90,81,86,93
Manuel Lanzini,West Ham United,81,CAM,82,85,79,72,72,70,74,73,75,61,78,74,76,76,78,80,79,86,88,88,86,73,75,30,56,23,20,36,25,55,47,76,78,45
Alex Oxlade-Chamberlain,Liverpool,81,RM,88,87,88,72,74,69,76,69,79,58,76,77,70,60,75,79,78,83,84,88,80,75,73,61,39,66,58,68,62,75,72,70,85,72
Joao Mario,West Ham United,81,CAM,75,75,75,69,77,64,72,66,76,69,79,77,74,67,78,83,81,82,81,77,83,73,85,66,55,72,64,70,62,69,60,63,81,68
Tom Heaton,Burnley,81,GK,54,56,53,13,12,12,12,24,14,12,31,17,15,13,37,32,46,29,54,52,28,74,56,17,16,24,15,15,13,53,31,73,40,66
Daniel Sturridge,West Bromwich Albion,81,ST,76,74,78,81,82,83,80,75,83,73,68,62,62,68,62,72,74,79,75,64,81,80,81,24,71,22,15,24,12,66,60,72,64,68
Sead Kolasinac, Arsenal,81,LWB,79,74,83,56,63,49,54,44,82,31,64,74,43,25,53,73,60,67,52,55,71,79,70,79,74,75,78,83,84,90,93,78,85,92
Jordan Henderson,Liverpool,81,CDM,72,73,71,70,76,67,71,64,75,72,83,81,80,74,83,85,82,76,73,71,80,79,78,75,65,79,73,78,76,80,77,81,91,76
Cenk Tosun,Everton,80,ST,74,73,75,79,81,81,74,82,81,77,66,64,72,73,60,70,61,77,76,66,78,78,74,30,83,31,13,34,15,78,72,81,77,80
Leighton Baines,Everton,80,LB,69,70,68,71,73,63,71,90,84,63,79,85,81,81,74,79,76,79,74,84,80,81,81,78,74,79,76,81,78,70,74,71,77,64
Abdoulaye Doucoure,Watford,80,CDM,71,67,75,73,73,73,75,45,77,68,73,68,41,42,74,82,77,76,60,70,80,74,70,78,66,82,75,83,75,82,78,71,86,83
Danny Drinkwater,Chelsea,80,CM,68,67,69,67,74,60,73,53,77,71,76,64,72,69,83,80,79,77,70,78,79,79,77,74,61,76,70,79,76,77,74,56,85,76
Davy Klaassen,Everton,80,CM,71,72,71,78,80,79,77,75,78,82,73,63,62,44,75,82,78,74,67,64,80,79,80,67,74,68,59,74,62,76,76,74,86,72
Tiemoue Bakayoko,Chelsea,80,CDM,74,76,72,48,60,37,50,45,72,36,69,55,50,37,75,78,74,74,66,60,77,75,74,80,71,80,78,84,82,83,85,78,86,81
Ross Barkley,Chelsea,80,CAM,75,75,75,73,71,69,79,65,80,61,77,65,68,70,78,84,80,82,69,58,86,75,80,55,65,45,56,58,51,75,74,63,68,81
Kieran Trippier,Tottenham Hotspur,80,RB,77,78,77,57,64,45,66,39,79,44,78,89,80,68,76,75,78,76,77,76,76,76,71,78,72,78,77,80,79,75,70,74,88,71
Asmir Begovic, Bournemouth,80,GK,55,52,58,17,11,12,12,40,28,12,25,14,17,15,32,26,34,26,52,40,24,75,62,14,12,21,13,11,12,59,42,38,36,80
Emre Can,Liverpool,80,CM,71,69,73,68,73,60,75,60,81,61,77,70,68,65,80,81,79,77,73,71,80,78,74,79,70,80,78,81,80,84,83,76,85,84
John Stones,Manchester City,80,CB,71,71,71,35,48,29,38,37,46,27,68,62,47,29,72,80,64,71,64,58,77,75,79,80,77,77,80,83,81,78,75,73,79,79
Yaya Toure,Manchester City,80,CM,57,54,60,79,75,75,80,89,86,68,79,67,82,86,78,82,83,74,55,55,80,75,83,65,68,57,61,72,68,80,76,61,63,92
Lukasz Fabianski,Swansea City,80,GK,48,50,47,15,15,13,20,22,14,17,27,14,18,12,32,20,52,25,52,44,22,71,63,13,11,16,11,12,13,51,43,68,25,65
Victor Moses,Chelsea,80,RWB,83,84,83,70,76,68,68,71,74,64,72,75,75,61,70,73,71,82,80,83,80,76,75,72,70,74,70,74,71,78,62,67,87,80
Phil Jones,Manchester United,80,CB,63,60,65,56,42,50,59,55,68,60,65,64,38,35,67,75,59,63,54,59,68,79,72,80,78,81,78,81,82,80,85,83,75,81
Hector Bellerin,Arsenal,80,RWB,94,95,94,51,67,52,43,62,52,41,68,71,63,50,59,75,63,78,84,77,78,77,72,74,60,76,74,76,80,70,72,65,87,62
Loris Karius,Liverpool,80,GK,53,55,52,17,8,18,16,19,20,14,32,14,12,14,38,36,48,26,51,43,23,77,34,13,14,13,13,11,13,45,21,74,36,57
Dejan Lovren,Liverpool,80,CB,56,57,55,40,21,33,34,52,63,42,59,59,26,18,66,68,56,63,53,43,67,73,71,79,77,78,74,83,85,82,87,82,70,86
Morgan Schneiderlin,Everton,80,CDM,66,65,66,62,65,61,56,56,71,56,74,65,68,61,78,81,70,76,73,71,81,77,83,77,71,82,75,79,77,80,83,70,88,75
Michael Keane,Everton,80,CB,72,73,72,49,29,50,46,48,58,40,64,60,53,33,71,74,56,68,63,64,71,76,75,80,82,80,80,80,79,81,68,83,79,86
Sergio Romero,Manchester United,80,GK,45,47,44,14,11,14,11,16,14,17,35,11,12,13,48,39,55,29,52,44,40,78,63,14,12,21,14,11,15,56,33,63,35,75
Simon Mignolet,Liverpool,80,GK,52,52,52,21,14,11,16,41,45,16,30,11,16,12,34,37,43,25,34,52,26,76,66,16,16,21,13,14,16,54,34,69,31,72
Marcos Rojo,Manchester United,80,CB,72,71,72,59,57,50,63,64,79,49,69,75,67,57,73,72,57,68,71,63,68,75,74,79,81,78,78,79,77,81,92,82,74,80
Ben Mee,Burnley,80,CB,67,68,66,38,38,30,39,36,60,29,61,63,45,31,64,67,60,66,66,72,67,76,71,80,78,80,80,81,80,84,82,91,83,84
Mamadou Sakho,Crystal Palace,80,CB,57,53,60,33,32,23,38,40,51,20,63,58,50,30,68,76,52,55,52,53,62,72,71,79,74,80,76,82,79,85,87,76,75,90
Daley Blind,Manchester United,80,LB,60,62,58,56,66,46,62,56,68,62,79,80,84,62,80,81,76,75,72,75,80,84,83,79,70,81,79,82,76,76,70,71,85,74
Santi Cazorla,Arsenal,80,CM,53,56,51,74,76,71,75,80,77,72,85,85,86,78,83,85,86,82,70,82,85,76,88,58,58,61,55,60,50,55,64,55,55,51
Erik Lamela,Tottenham Hotspur,80,RM,76,78,74,77,79,73,82,75,80,77,80,77,83,79,73,83,81,82,77,71,82,74,75,45,71,43,37,47,39,66,74,64,75,59
Nacho Monreal,Arsenal,80,CB,76,75,76,58,64,49,61,61,71,56,71,77,74,52,61,78,66,75,73,74,77,81,76,81,67,84,81,83,82,74,75,75,83,69
Jordan Pickford,Everton,80,GK,45,50,41,21,18,19,13,41,31,20,45,17,18,16,54,53,68,30,50,50,38,79,51,18,15,24,14,20,12,47,25,66,44,56
Claudio Bravo,Manchester City,80,GK,56,58,54,16,16,13,17,23,22,11,47,12,25,38,54,56,69,36,63,62,41,75,60,17,18,23,11,18,19,57,40,81,41,69
James Milner,Liverpool,80,CM,67,69,66,70,72,62,70,83,83,76,82,85,81,77,81,84,79,76,72,73,78,84,86,75,66,75,76,77,79,79,81,64,91,73
Orestis Karnezis,Watford,80,GK,39,44,34,17,10,16,18,21,22,14,27,19,11,11,36,22,47,25,45,49,23,76,22,18,24,23,13,15,24,48,18,64,33,66
Onyinye Ndidi,Leicester City,80,CDM,74,74,74,62,66,50,71,55,78,66,66,50,58,58,72,74,67,73,70,67,74,78,73,82,76,82,80,84,83,84,85,84,88,81
Roberto Pereyra,Watford,79,CAM,77,78,77,68,75,63,74,72,67,73,79,78,78,72,76,82,80,81,78,75,83,75,78,65,60,70,64,64,70,68,66,66,77,64
Danny Welbeck,Arsenal,79,ST,84,83,84,74,80,75,69,70,77,76,71,69,61,62,64,76,72,79,82,63,78,78,76,37,74,32,28,38,33,78,75,80,81,78
Ashley Young,Manchester United,79,LB,79,80,78,68,67,64,69,65,75,73,79,87,86,72,71,79,76,79,81,77,80,80,65,72,59,76,72,74,71,70,75,57,75,67
Islam Slimani,Newcastle United,79,ST,66,63,68,76,82,77,71,74,78,76,66,58,73,47,61,72,72,71,61,55,74,80,79,46,89,50,34,48,24,84,86,83,82,84
Davide Zappacosta,Chelsea,79,RWB,82,78,85,66,71,60,72,59,74,69,71,80,74,59,68,72,64,75,75,77,74,74,72,75,68,75,75,77,79,76,75,69,90,71
Christian Benteke,Crystal Palace,79,ST,73,70,76,77,76,78,71,71,82,73,65,58,60,64,48,73,73,71,69,48,76,71,78,33,87,29,25,30,18,78,58,82,74,87
Marouane Fellaini,Manchester United,79,CM,52,50,54,71,81,72,64,64,75,71,70,61,64,46,66,81,72,74,49,52,85,81,78,76,91,76,73,77,66,89,94,66,83,92
Theo Walcott,Everton,79,RM,91,92,91,73,76,74,65,74,76,71,71,72,76,74,61,72,72,79,83,77,78,76,78,38,58,35,33,39,36,64,65,66,71,60
Danilo,Manchester City,79,RB,78,75,80,70,75,61,74,67,85,72,72,73,76,76,69,76,63,74,73,65,78,79,69,76,69,81,73,77,78,79,74,75,85,79
Jonny Evans,West Bromwich Albion,79,CB,65,65,65,32,28,28,24,44,42,46,59,52,32,25,62,72,55,52,50,57,70,78,72,80,81,81,78,81,82,74,78,80,69,75
Andrew Robertson,Liverpool,79,LB,85,84,86,60,64,60,61,55,67,32,69,80,71,30,61,71,69,76,81,74,76,77,67,76,65,77,77,79,76,73,75,60,85,68
Ryan Bertrand,Southampton,79,LB,78,79,77,53,63,50,54,52,59,43,71,82,74,66,70,76,51,77,76,68,78,76,76,78,69,77,78,81,80,75,73,71,82,73
Dusan Tadic,Southampton,79,CAM,70,70,70,67,73,64,65,75,69,73,80,79,83,76,77,81,83,83,81,80,85,77,77,37,63,31,40,34,26,63,56,64,69,62
James Tarkowski,Burnley,79,CB,64,63,65,43,43,36,38,52,63,40,65,56,52,57,71,72,64,66,62,60,70,75,74,80,78,79,80,80,80,80,78,80,79,82
Michail Antonio,West Ham United,79,ST,86,84,87,74,78,74,72,73,76,66,70,74,66,60,65,73,68,80,85,78,78,75,70,52,83,40,44,56,53,82,77,84,74,87
Benjamin Mendy,Manchester City,79,LB,82,79,84,49,70,33,63,40,73,20,72,84,77,29,68,78,64,76,68,71,77,77,70,75,64,77,74,78,79,79,75,69,82,81
Fabian Delph,Manchester City,79,LB,76,78,75,69,72,63,75,65,80,59,76,74,72,53,76,82,72,83,89,86,80,77,76,76,56,77,76,80,79,76,84,68,89,68
Steven Defour,Burnley,79,CM,69,70,68,71,73,67,74,71,76,68,79,76,78,76,78,80,80,77,74,79,79,78,81,74,62,82,73,75,71,76,81,72,83,70
Phil Jagielka,Everton,79,CB,55,50,59,46,51,30,54,64,69,44,58,55,55,31,66,71,39,55,51,62,62,72,76,80,78,79,80,81,79,77,79,83,71,79
Willy Caballero,Chelsea,79,GK,45,43,46,14,7,11,14,16,23,13,32,12,23,11,48,33,47,25,39,55,30,76,56,15,22,19,15,11,12,53,30,70,37,69
Grzegorz Krychowiak,West Bromwich Albion,79,CDM,65,61,68,57,52,42,69,78,81,40,71,59,52,62,80,79,71,67,59,52,77,75,83,75,80,76,72,77,71,81,83,74,75,83
Harry Maguire ,Leicester City,79,CB,55,47,61,46,59,40,40,42,66,40,62,44,37,46,72,75,60,70,56,60,74,71,71,79,82,76,77,82,78,82,76,74,77,88
Javier Hernandez,West Ham United,79,ST,76,80,73,78,86,84,65,74,75,75,64,64,67,52,55,66,70,76,78,81,77,82,81,31,79,26,22,29,25,60,59,81,69,54
Cedric,Southampton,78,RB,82,84,81,66,71,57,74,60,76,68,71,75,66,64,69,75,65,76,76,83,76,76,69,74,65,74,73,78,76,72,75,73,88,63
Jonjo Shelvey,Newcastle United,78,CM,62,61,63,73,70,67,81,71,85,56,80,73,68,73,85,83,83,73,62,65,76,72,75,61,67,63,55,65,61,78,84,65,78,76
Victor Lindelof,Manchester United,78,CB,75,72,77,48,37,36,57,55,68,34,67,58,64,66,71,78,54,65,64,47,71,74,70,78,78,79,77,79,77,77,78,79,77,77
Mathew Ryan,Brighton and Hove Albion,78,GK,52,53,52,18,10,11,18,25,35,15,41,23,23,12,45,40,68,25,53,50,24,73,56,19,14,23,16,20,17,54,36,78,34,68
Angelo Ogbonna,West Ham United,78,CB,69,67,71,40,33,25,46,39,71,30,58,51,51,36,67,68,50,60,60,54,59,70,73,80,77,82,78,80,81,77,71,74,73,82
Florian Lejeune,Newcastle United,78,CB,49,42,54,57,46,50,66,43,72,42,60,51,47,41,70,75,43,64,58,58,72,72,70,78,75,81,80,76,73,82,81,77,74,86
David Ospina,Arsenal,78,GK,34,34,34,17,16,10,12,26,35,12,29,11,10,13,32,36,40,26,44,50,32,70,29,15,15,25,10,13,12,34,20,75,29,38
Andre Ayew,Swansea City,78,ST,75,76,75,74,80,73,75,71,75,65,74,77,74,57,70,77,75,79,86,81,79,78,74,56,76,52,49,60,57,77,78,88,86,71
Ragnar Klavan,Liverpool,78,CB,57,54,59,48,38,38,56,44,67,34,63,52,48,34,73,72,60,62,61,54,70,75,70,79,78,77,78,81,77,76,77,76,70,78
Jamaal Lascelles,Newcastle United,78,CB,65,64,65,27,21,23,27,19,40,33,51,46,29,16,57,65,40,57,72,52,64,73,66,77,78,75,82,75,75,79,81,83,69,83
Eliaquim Mangala,Everton,78,CB,70,67,73,42,39,27,48,46,67,44,55,58,47,48,58,60,47,51,65,61,50,65,64,77,80,73,76,79,80,84,89,86,73,88
Adrian,West Ham United,78,GK,45,46,44,23,12,16,20,44,40,12,22,12,12,17,32,21,32,26,53,48,23,71,36,18,15,25,14,19,14,50,38,69,38,59
Andros Townsend,Crystal Palace,78,RM,83,84,82,74,70,72,77,76,82,59,73,78,71,76,67,75,71,80,82,72,79,71,68,33,52,21,39,31,27,70,75,48,85,62
James McCarthy,Everton,78,CDM,67,68,66,60,63,55,64,60,67,61,74,68,64,64,79,80,72,74,66,71,74,73,75,75,63,78,77,76,75,78,82,66,79,77
Ryan Shawcross,Stoke City,78,CB,47,44,49,42,31,49,28,48,44,35,52,35,34,24,70,61,50,50,52,52,56,73,69,79,80,78,77,81,79,84,85,70,76,89
Aaron Mooy,Huddersfield Town,78,CM,69,67,70,70,73,69,73,73,71,65,77,73,71,71,79,79,80,75,71,73,78,72,78,66,50,70,61,74,66,77,75,72,80,76
Gomes, Watford,78,GK,51,50,52,19,12,15,14,41,30,13,27,15,12,13,19,23,59,27,56,53,25,74,63,15,14,20,14,14,15,51,40,76,27,64
Jack Cork,Burnley,78,CM,61,63,60,62,70,60,56,58,72,60,75,66,73,58,79,80,77,75,66,72,78,79,80,79,75,80,78,80,76,82,80,74,88,80
Nacer Chadli,West Bromwich Albion,78,LM,76,74,78,77,77,76,76,76,81,73,75,75,77,78,68,77,76,78,65,54,80,75,79,45,67,43,37,48,44,76,59,71,77,83
Matteo Darmian,Manchester United,78,LB,75,76,75,58,64,55,56,45,69,59,68,70,69,35,66,76,63,75,80,78,75,78,76,78,68,77,77,81,79,73,76,73,86,65
Nick Pope,Burnley,78,GK,48,50,47,15,13,14,15,22,17,14,29,11,13,12,35,32,43,24,36,45,24,66,37,16,11,21,15,15,14,57,36,72,37,73
Pascal Gros,Brighton and Hove Albion,78,CAM,66,65,67,71,72,70,73,65,74,65,82,82,82,77,81,83,84,75,69,73,76,76,71,62,53,71,58,64,63,76,66,72,90,74
James Tomkins,Crystal Palace,78,CB,53,50,55,33,47,29,29,43,40,28,57,45,33,31,60,70,54,54,51,53,58,76,69,79,78,78,79,80,79,77,80,74,73,79
Jermain Defoe,Bournemouth,78,ST,70,74,67,84,85,87,79,74,84,82,60,54,63,68,43,66,65,76,81,87,77,78,84,25,65,19,24,20,11,62,62,70,65,59
Michel Vorm,Tottenham Hotspur,78,GK,55,54,56,18,10,14,19,41,23,12,29,13,12,14,35,39,32,32,63,53,35,80,65,17,17,28,15,11,14,50,23,73,38,65
Luke Shaw,Manchester United,78,LB,84,83,85,52,73,44,52,53,62,58,71,80,63,58,64,75,67,78,78,75,77,76,75,76,67,78,74,79,77,76,74,71,74,79
Oriol Romeu, Southampton,78,CDM,57,63,52,39,50,25,43,54,60,35,64,37,49,53,71,77,70,64,60,58,72,75,75,77,67,82,73,80,76,85,87,67,84,86
Matthew Lowton,Burnley,78,RB,76,78,75,61,70,52,68,49,72,70,73,80,77,46,72,74,73,75,72,73,76,78,74,75,71,75,75,77,76,79,76,78,85,77
Jose Izquierdo,Brighton and Hove Albion,78,LM,93,93,93,73,75,71,77,58,80,54,67,70,75,34,63,69,71,82,90,83,78,71,73,28,60,37,18,21,30,62,27,73,84,63
Joe Allen,Stoke City,78,CM,69,71,68,66,71,70,60,60,67,54,75,74,68,54,73,82,74,80,82,91,77,83,81,71,52,77,68,75,71,73,81,81,90,60
Manolo Gabbiadini,Southampton,78,ST,74,73,74,80,78,81,77,72,84,72,71,70,78,77,64,72,72,77,73,56,80,74,71,25,66,18,18,24,20,70,57,76,69,75
Johann Berg Gudmundsson,Burnley,78,RM,80,81,79,72,73,68,74,61,84,70,77,80,78,76,75,77,77,78,77,77,77,77,71,56,62,58,53,59,49,73,63,79,81,72
Nathan Ake,Bournemouth,78,CB,76,75,76,50,48,41,56,48,63,52,67,63,62,59,72,75,55,68,69,66,70,79,68,78,72,78,78,80,79,75,70,82,76,76
Ben Foster,West Bromwich Albion,78,GK,49,50,48,20,14,18,14,41,27,14,30,15,15,17,32,36,42,25,45,50,25,71,67,16,14,23,15,15,14,43,15,75,32,57
Eric Maxim Choupo-Moting,Stoke City,78,LM,77,76,78,73,77,75,64,68,77,75,70,69,76,44,70,74,70,82,76,66,81,75,72,36,74,40,26,36,20,74,61,67,77,79
Wilfried Bony,Swansea City,78,ST,64,62,66,79,82,79,75,77,83,76,59,45,66,58,45,68,65,72,66,71,75,73,77,39,82,38,25,42,28,80,68,83,69,90
Luka Milivojevic,Crystal Palace,78,CDM,62,61,63,63,66,54,72,85,75,42,73,66,64,78,76,77,72,66,60,58,72,74,73,74,75,77,76,73,68,85,87,64,89,85
Aleksandar Dragovic,Leicester City,78,CB,71,69,73,51,63,41,53,65,69,37,61,49,32,61,62,69,65,65,66,64,68,76,70,79,76,81,77,81,77,78,74,80,74,81
Yohan Cabaye,Crystal Palace,78,CM,63,62,63,73,70,69,76,78,78,73,77,68,77,77,77,81,81,75,70,78,80,82,79,73,67,76,70,75,73,71,82,64,66,69
Joe Hart,West Ham United,78,GK,58,56,60,21,14,14,19,30,40,19,29,14,17,13,35,32,42,28,50,32,20,72,68,16,10,25,14,14,13,47,31,69,28,61
Kurt Zouma,Stoke City,78,CB,68,64,72,52,53,47,49,59,63,47,58,49,60,59,58,63,57,55,49,53,63,72,71,77,77,74,75,79,79,85,84,88,74,90
Winston Reid,West Ham United,77,CB,68,65,70,52,42,46,53,55,70,30,48,28,33,38,59,60,44,50,57,43,55,77,71,77,79,78,76,77,78,81,83,72,74,84
Yannick Bolasie,Everton,77,RM,88,87,88,68,69,64,71,65,81,51,69,77,65,49,67,71,65,83,81,76,82,73,69,31,51,31,27,34,17,77,76,64,72,81
Steve Cook,Bournemouth,77,CB,60,62,58,32,21,31,23,28,48,33,54,41,31,30,61,70,45,60,56,69,67,73,70,77,74,75,77,78,76,77,77,73,69,82
Pedro Obiang,West Ham United,77,CDM,68,66,69,59,62,50,64,58,74,60,74,68,56,62,79,77,78,74,71,63,76,69,79,74,70,76,69,78,77,77,71,74,77,79
Joshua King,Bournemouth,77,CF,90,87,92,75,79,77,71,72,78,68,64,65,69,47,51,69,67,78,78,72,77,75,72,37,63,34,31,39,27,75,61,74,76,80
Jurgen Locadia,Brighton and Hove Albion,77,ST,80,77,82,76,71,75,75,69,84,67,70,67,65,74,69,72,68,73,69,63,73,72,76,36,67,37,30,34,31,77,74,58,75,82
Mohamed Elneny,Arsenal,77,CDM,57,58,57,61,63,57,67,62,71,39,73,67,69,61,77,79,70,70,67,62,76,75,77,72,57,76,70,75,72,78,74,70,92,73
Kieran Gibbs ,West Bromwich Albion,77,LB,80,78,82,55,67,46,59,63,67,47,69,72,64,52,65,74,65,74,76,74,75,77,75,75,68,76,73,77,76,71,72,69,80,67
Ashley Williams,Everton,77,CB,56,54,58,43,28,37,40,45,64,34,55,32,34,23,74,68,53,59,52,59,62,70,73,76,76,76,75,76,75,79,83,75,68,84
Salomon Rondon,West Bromwich Albion,77,ST,74,71,76,75,79,75,68,62,85,75,55,48,53,52,40,68,53,69,69,48,71,73,76,31,85,33,25,23,13,79,72,71,73,86
Aaron Lennon, Burnley,77,RM,85,86,84,64,72,65,57,62,64,68,72,77,63,55,61,76,73,81,91,91,79,74,77,42,28,48,43,42,37,63,57,70,75,59
Shinji Okazaki,Leicester City,77,CF,74,77,72,74,84,74,68,74,76,76,68,66,53,50,66,75,69,78,83,74,78,84,70,50,74,48,41,58,35,77,81,88,80,72
Davy Propper,Brighton and Hove Albion,77,CM,67,65,68,72,66,65,82,69,82,72,73,58,74,71,71,78,82,75,72,64,82,77,74,64,68,62,60,69,61,75,76,70,89,69
Alberto Moreno,Liverpool,77,LB,88,87,88,65,69,59,74,54,80,35,68,78,59,40,64,74,58,78,86,87,79,71,63,70,61,72,68,72,76,74,83,85,85,64
James Ward-Prowse,Southampton,77,RM,68,69,67,66,64,61,70,80,74,51,84,89,88,83,82,83,82,75,74,79,81,74,79,61,57,65,55,65,62,67,67,68,80,61
Leroy Fer,Swansea City,77,CM,71,70,72,75,75,71,78,72,85,66,72,68,49,44,76,79,73,75,71,51,75,73,72,70,80,70,66,70,69,81,82,91,90,75
Sofiane Boufal,Southampton,77,LW,81,83,80,69,75,68,65,69,71,70,72,69,71,63,66,75,75,85,90,85,86,68,69,36,35,19,44,40,32,43,47,33,67,31
Chris Wood,Burnley,77,ST,75,74,75,77,79,78,71,81,80,68,58,46,65,64,48,65,64,71,68,62,74,75,72,37,78,40,32,30,29,81,74,79,77,86
Jose Holebas,Watford,77,LB,80,78,81,67,69,57,78,57,85,50,69,77,69,71,69,73,54,74,74,75,75,71,77,75,74,68,76,77,78,82,89,74,82,79
Andy Carroll,West Ham United,77,ST,60,58,62,78,76,77,77,73,83,74,61,62,53,42,57,65,65,68,61,49,74,77,78,49,90,45,42,46,43,84,88,84,65,92
Jay Rodriguez,West Bromwich Albion,77,ST,77,76,78,75,80,77,72,71,74,74,68,68,69,29,66,75,69,76,75,64,75,77,75,32,76,44,16,28,21,67,41,81,76,71
Troy Deeney, Watford,77,ST,65,64,65,79,75,78,75,80,86,78,66,55,68,36,60,73,74,69,65,73,75,74,78,35,82,29,33,29,25,86,85,82,77,92
Robbie Brady,Burnley,77,LM,81,83,79,71,72,68,74,72,77,66,76,80,81,79,75,72,76,76,77,78,75,74,73,65,59,66,62,68,71,69,58,75,77,69
Bruno Martins Indi,Stoke City,77,CB,55,53,56,42,42,38,40,38,56,32,60,71,30,38,68,69,38,58,54,60,63,66,69,76,75,76,76,77,76,81,85,69,72,86
Charlie Austin,Southampton,77,ST,65,64,65,79,83,81,71,86,83,72,57,56,59,43,46,62,61,68,62,55,73,78,78,40,81,47,31,37,22,75,67,82,70,80
Llorente,Tottenham Hotspur,77,ST,49,45,52,75,84,78,64,70,79,80,60,44,57,40,49,71,70,66,36,33,77,79,82,28,90,25,15,25,15,77,71,56,63,88
Ashley Barnes,Burnley,77,ST,68,69,67,75,79,77,67,74,81,70,66,65,60,56,63,70,68,74,71,69,77,74,67,44,78,41,33,46,39,83,87,82,84,80
Moussa Sissoko,Tottenham Hotspur,77,RM,77,75,78,74,76,72,71,68,85,67,74,75,75,74,74,77,68,75,70,59,77,74,73,72,70,76,69,72,71,85,78,80,87,88
Federico Fernandez,Swansea City,77,CB,48,47,48,28,36,26,29,42,27,21,50,23,49,42,56,68,44,50,48,48,65,71,71,79,80,78,79,79,78,75,78,76,68,78
Ramiro Funes Mori,Everton,77,CB,67,65,69,49,49,40,56,52,69,25,61,73,49,58,55,67,47,65,65,61,68,69,64,77,79,77,75,77,76,76,83,77,65,79
Mame Diouf,Stoke City,77,ST,87,85,89,74,78,76,69,75,77,67,64,66,55,36,55,69,70,67,79,60,68,71,73,70,82,67,69,71,67,86,84,88,90,84
Callum Wilson,Bournemouth,77,ST,90,92,89,74,77,80,65,75,71,67,64,52,63,45,60,70,71,75,78,77,76,70,78,35,70,40,20,39,25,76,73,66,76,79
Mario Lemina, Southampton,77,CM,78,78,78,66,68,55,78,68,78,68,76,72,72,68,77,82,74,80,74,75,81,72,74,68,68,71,62,72,66,77,70,51,78,81
Jordan Ayew,Swansea City,77,ST,76,75,77,75,73,75,74,74,76,74,70,70,77,71,60,74,70,79,79,75,78,76,70,42,76,40,23,52,35,75,75,72,79,74
Andre Carrillo,Watford,77,RM,84,86,83,73,74,71,75,68,76,74,71,76,78,55,60,73,73,82,80,77,82,74,73,32,70,34,19,32,25,67,53,74,65,72
Lewis Dunk,Brighton and Hove Albion,76,CB,53,45,60,39,30,37,21,36,70,24,52,27,23,32,74,68,45,62,52,44,68,79,66,74,75,78,71,75,74,79,80,67,70,84
Will Hughes,Watford,76,CAM,66,68,65,60,68,63,56,60,58,46,73,64,56,48,73,77,84,78,73,78,80,75,78,65,58,62,67,68,67,65,67,54,74,61
Andre Gray,Watford,76,ST,89,89,89,73,78,75,64,74,79,67,62,61,57,39,54,66,67,72,78,75,71,72,71,29,65,33,22,23,20,77,70,72,77,80
Fraser Forster,Southampton,76,GK,34,32,35,18,13,13,12,22,36,19,26,19,10,19,19,27,44,29,32,42,33,70,34,15,13,22,13,13,12,59,43,59,29,80
Georges-Kevin Nkoudou,Burnley,76,LM,91,92,91,70,74,67,73,67,72,74,70,74,74,58,62,73,68,79,87,89,74,75,72,35,49,21,35,37,42,62,48,59,71,64
Gareth Barry,West Bromwich Albion,76,CDM,32,30,33,64,58,56,69,72,76,65,77,80,76,73,73,80,74,68,43,60,76,79,81,74,69,77,72,76,73,71,78,66,65,72
Mark Noble,West Ham United,76,CM,46,45,47,66,64,60,68,88,74,68,75,71,71,67,78,76,77,74,65,74,76,73,77,70,62,73,65,74,76,77,83,59,84,72
Terence Kongolo,Huddersfield Town,76,LB,76,77,76,43,49,27,52,42,67,40,64,67,63,44,65,72,49,67,75,63,69,70,73,78,74,76,75,81,83,76,72,86,77,77
Alex McCarthy,Southampton,76,GK,57,58,56,18,16,17,14,41,20,12,31,11,15,18,35,33,50,23,35,43,17,69,63,15,16,22,13,13,12,51,35,68,35,63
Pablo Zabaleta,West Ham United,76,RWB,58,56,60,56,70,49,57,64,66,50,70,74,68,66,64,72,66,72,69,63,75,79,76,79,75,80,76,82,79,78,85,81,70,78
Andrew Surman,Bournemouth,76,CM,61,62,60,65,66,63,67,67,68,55,76,68,61,68,77,82,78,72,63,72,76,75,73,63,59,64,61,67,61,71,68,72,79,69
Matt Ritchie, Newcastle United,76,RM,75,77,74,74,75,72,77,72,76,75,74,79,72,65,70,74,75,76,74,84,75,73,68,51,38,46,56,54,53,68,70,72,80,61
Jese,Stoke City,76,LM,82,85,80,71,75,71,72,68,73,55,73,72,78,66,69,76,70,80,85,74,80,67,74,24,42,33,16,23,12,55,29,71,61,60
Daryl Janmaat,Watford,76,RB,74,72,75,63,68,55,66,62,76,67,70,77,64,56,68,70,70,74,71,63,76,79,66,73,70,73,72,76,74,79,79,71,89,75
Matt Phillips,West Bromwich Albion,76,RM,86,87,86,70,71,68,72,61,79,45,68,76,76,48,65,66,70,77,78,71,74,64,67,35,54,28,29,40,34,70,54,54,72,77
Badou Ndiaye,Stoke City,76,CM,85,86,85,74,74,74,73,65,80,65,73,71,79,65,70,75,74,79,82,78,76,74,69,67,59,65,66,72,68,79,77,75,86,77
Richarlison,Watford,76,LW,85,86,84,71,77,73,63,71,75,63,67,69,68,60,56,69,71,80,82,70,78,73,70,31,70,27,26,28,25,77,77,79,79,75
Simon Francis,Bournemouth,76,CB,65,62,67,43,57,25,62,44,64,26,69,75,51,61,67,73,63,68,58,58,74,73,71,76,69,72,78,79,77,77,75,68,72,81
Wes Morgan,Leicester City,76,CB,38,32,42,30,39,19,35,17,52,23,41,17,14,18,47,56,49,57,29,50,61,77,66,76,76,76,74,77,75,80,78,75,69,86
Stephen Ward,Burnley,76,LB,68,69,67,62,60,61,54,62,70,66,69,73,70,55,68,72,64,71,66,63,73,76,68,75,73,75,75,77,75,80,80,74,84,78
Sam Vokes,Burnley,76,ST,60,57,62,76,78,77,71,79,80,70,64,59,61,46,60,68,70,70,53,60,76,74,75,43,81,42,42,38,29,83,80,86,79,86
Ahmed Hegazi,West Bromwich Albion,76,CB,54,49,58,20,20,17,15,30,27,23,42,18,35,29,42,58,41,48,45,51,63,66,60,76,77,71,76,78,74,81,83,75,73,84
Ciaran Clark,Newcastle United,76,CB,62,56,66,52,50,43,54,55,71,57,54,39,52,43,61,62,51,55,59,51,59,72,71,77,79,75,75,77,80,75,82,73,69,76
Marc Albrighton,Leicester City,76,LM,77,78,77,68,71,67,67,60,72,71,74,85,83,73,73,68,74,77,79,81,77,71,72,48,42,56,41,52,45,70,73,62,85,62
Christopher Schindler,Huddersfield Town,76,CB,66,65,67,32,27,25,24,55,52,30,57,49,45,33,64,68,51,54,59,58,68,74,66,77,74,77,77,78,75,75,71,70,74,78
Nathaniel Chalobah,Watford,76,CDM,70,69,70,61,62,55,67,49,75,53,70,58,51,38,79,78,76,74,74,65,76,69,71,73,71,70,72,77,73,74,72,71,74,75
Emerson,Chelsea,76,LWB,79,78,79,59,75,43,77,55,80,44,66,78,53,71,66,74,41,77,79,72,79,78,73,68,59,75,67,68,69,62,65,68,78,53
Steve Mounie,Huddersfield Town,76,ST,74,75,74,74,76,77,65,65,78,69,61,60,52,41,59,66,61,66,63,54,72,70,67,44,86,42,43,35,40,81,78,82,72,87
Harry Arter,Bournemouth,76,CM,67,67,67,70,68,68,73,68,76,63,74,62,64,70,77,82,72,73,74,76,75,71,73,67,49,71,63,74,66,77,84,70,77,74
Arthur Masuaku,West Ham United,76,LWB,87,88,87,66,68,60,71,49,77,61,70,75,71,48,69,71,71,80,78,83,78,75,73,69,60,66,69,74,73,73,65,69,81,73
Cheikhou Kouyate,West Ham United,76,CDM,75,72,77,65,72,65,63,52,74,50,61,54,39,47,64,68,63,69,65,58,73,79,72,75,79,78,70,78,75,86,84,78,91,86
Anthony Knockaert,Brighton and Hove Albion,76,RM,75,78,73,72,73,73,72,68,73,61,71,74,75,74,63,71,73,81,91,84,77,72,73,33,59,32,17,40,34,67,80,74,73,59
Danny Ings,Liverpool,76,ST,82,83,82,74,79,77,67,68,74,66,64,62,57,36,61,69,68,77,77,79,76,74,70,35,71,39,33,24,27,71,60,81,75,73
Sebastian Prodl,Watford,76,CB,37,38,36,36,37,34,32,35,47,22,50,44,32,38,49,60,46,39,30,29,54,67,68,76,82,72,75,79,74,80,85,64,65,88
Ki Sung Yueng,Swansea City,76,CM,64,61,67,72,72,69,71,76,82,55,79,73,76,77,79,84,79,74,70,59,80,66,81,63,71,54,55,70,71,70,66,70,71,72
Tom Cleverley,Watford,76,CM,67,64,70,69,74,64,75,72,74,68,75,74,59,62,77,78,77,75,72,77,77,77,69,58,48,65,47,71,52,65,71,62,75,58
Pierre-Emile Hojbjerg,Southampton,76,CM,64,65,64,63,62,55,70,51,78,60,74,66,69,70,74,79,74,75,71,65,79,75,69,69,60,74,65,73,64,79,78,64,80,80
Alex Iwobi,Arsenal,76,LM,79,81,78,61,68,63,54,56,67,48,69,58,50,40,61,82,75,82,77,76,83,74,70,28,42,24,29,26,23,66,46,50,73,72
Kiko Femenia,Watford,76,RB,77,75,79,61,68,62,65,60,56,54,70,78,65,55,54,77,66,79,85,86,78,64,66,73,52,74,73,77,79,71,70,69,82,67
Shane Duffy,Brighton and Hove Albion,76,CB,51,49,52,42,49,33,49,55,55,30,52,38,37,33,64,65,44,46,32,42,57,70,64,74,79,74,75,72,74,80,84,86,67,85
DeAndre Yedlin,Newcastle United,76,RB,93,93,93,51,69,40,51,38,73,60,64,66,70,28,53,70,68,76,86,76,73,74,72,71,65,68,71,75,72,77,76,78,88,72
Scott Dann,Crystal Palace,76,CB,45,44,45,40,36,40,32,30,52,29,50,30,30,29,59,61,52,49,46,54,63,76,71,77,83,79,74,78,76,77,72,67,71,82
Nathan Redmond,Southampton,76,LM,86,88,85,68,74,69,68,57,71,55,71,72,69,65,63,73,73,80,91,86,78,65,70,24,33,22,18,26,30,52,38,50,72,47
Allan Nyom,West Bromwich Albion,76,RB,74,70,78,47,51,27,66,37,74,44,63,75,68,30,64,64,54,67,50,50,72,73,67,77,68,74,75,82,80,82,80,57,82,86
Christian Fuchs,Leicester City,76,LB,61,63,60,69,72,57,79,68,83,70,77,83,86,77,75,76,73,71,64,60,75,75,70,75,76,76,73,77,76,76,77,76,78,75
Wesley Hoedt,Southampton,76,CB,66,66,66,46,29,30,59,37,72,55,58,40,31,36,74,67,62,57,41,38,62,74,70,77,78,77,75,78,74,76,78,75,71,78
James McArthur,Crystal Palace,76,CM,61,63,60,61,74,58,61,64,65,51,72,66,54,61,74,78,74,71,72,78,77,80,77,72,66,78,70,72,70,79,88,65,86,73
Etienne Capoue,Watford,76,CDM,58,62,55,70,73,70,69,52,76,67,70,70,61,30,77,77,67,73,48,63,77,78,77,74,70,71,75,75,73,76,65,74,85,77
Steven Davis,Southampton,75,CM,64,65,63,61,66,58,63,62,63,64,75,72,73,69,75,79,75,75,75,76,77,77,84,67,53,67,66,71,67,70,74,80,79,63
Gareth McAuley,West Bromwich Albion,75,CB,32,34,30,42,45,47,30,49,44,23,50,49,39,33,50,53,52,41,33,33,63,76,67,76,84,75,75,77,71,73,81,73,60,76
Christian Kabasele,Watford,75,CB,73,71,74,50,58,49,44,53,57,52,49,47,34,27,57,60,36,62,63,59,64,71,64,75,77,74,73,75,78,78,76,79,75,81
Marvin Zeegelaar,Watford,75,LB,79,76,81,65,74,62,64,53,76,58,67,75,68,52,59,67,67,73,68,53,75,71,68,71,55,72,71,75,75,79,71,66,81,83
Maya Yoshida,Southampton,75,CB,62,61,62,41,42,34,41,54,50,56,51,36,38,33,52,63,50,61,72,57,63,73,65,76,74,70,76,79,76,75,66,85,74,78
Claudio Yacob,West Bromwich Albion,75,CDM,43,49,38,57,42,55,64,66,63,23,62,34,52,55,72,76,64,65,56,68,72,76,79,75,75,76,74,75,71,73,88,71,71,69
Ramadan Sobhi,Stoke City,75,LM,77,78,76,63,73,61,65,65,65,61,73,71,70,63,67,77,75,79,76,70,80,66,75,46,63,38,45,47,49,68,57,59,72,71
Jonas Lossl,Huddersfield Town,75,GK,32,29,34,14,10,12,15,12,22,11,33,14,14,13,39,35,53,22,32,30,19,72,30,15,17,20,12,13,15,46,17,51,25,67
Dale Stephens,Brighton and Hove Albion,75,CM,63,64,63,65,67,63,70,44,67,69,74,70,67,61,76,79,74,70,69,66,72,75,68,72,65,75,71,75,71,76,80,89,84,70
Patrick van Aanholt,Crystal Palace,75,LB,89,88,89,65,74,64,66,46,70,57,68,64,49,61,74,71,67,75,80,78,72,70,65,70,60,69,66,75,76,73,75,86,84,65
Erik Pieters,Stoke City,75,LB,69,69,69,40,64,32,36,59,51,34,68,69,76,56,62,73,66,69,62,62,71,70,67,76,75,79,74,77,77,83,88,72,80,83
Shane Long,Southampton,75,ST,82,83,82,72,76,73,67,72,76,70,60,70,54,37,49,62,63,73,72,73,75,75,70,37,75,42,36,27,24,76,80,92,72,75
James Collins,West Ham United,75,CB,31,30,32,47,34,38,51,51,70,36,53,38,29,60,64,59,54,43,28,34,53,68,63,76,80,76,74,76,77,80,85,59,67,87
Oumar Niasse,Everton,75,ST,79,82,76,75,77,76,71,67,76,74,57,56,63,39,35,64,63,72,71,67,71,70,67,30,74,35,20,23,24,73,56,70,79,77
Craig Dawson,West Bromwich Albion,75,RB,65,62,67,43,56,49,14,66,57,20,59,68,45,24,60,65,51,60,62,50,67,69,68,77,81,74,76,78,75,78,74,83,81,77
Christian Atsu,Newcastle United,75,LM,92,94,90,67,72,64,66,73,72,58,67,67,70,55,62,70,70,79,89,92,75,73,64,34,50,35,28,35,34,55,49,68,75,46
Junior Stanislas,Bournemouth,75,RM,80,77,83,69,70,71,69,61,71,51,72,71,71,77,66,74,73,75,79,63,77,68,65,34,43,60,22,27,29,58,36,48,76,58
Dwight Gayle,Newcastle United,75,ST,83,85,82,76,78,78,72,73,76,68,55,59,54,75,53,62,34,72,83,80,71,74,76,25,67,35,12,21,13,60,46,71,66,62
Danny Simpson,Leicester City,75,RB,69,70,68,38,58,27,54,54,37,50,61,68,44,32,60,64,63,67,65,80,69,76,67,78,71,77,78,80,79,76,82,79,79,72
Charlie Daniels,Bournemouth,75,LB,76,77,75,58,71,54,50,72,69,53,72,74,67,68,69,73,71,74,73,72,74,70,69,72,64,71,72,76,74,70,51,78,79,72
Jeff Hendrick,Burnley,75,CAM,72,74,70,69,72,67,69,63,74,68,74,70,73,64,76,77,74,75,71,77,75,73,77,70,68,75,68,71,69,76,75,76,81,74
Alfie Mawson,Swansea City,75,CB,56,57,56,43,25,52,21,32,53,45,47,23,22,24,63,66,36,58,50,51,65,66,67,75,79,74,76,73,72,76,69,78,65,85
Trent Alexander-Arnold,Liverpool,75,RB,81,81,81,60,62,56,63,55,70,41,75,83,74,74,75,75,66,70,75,75,69,70,65,71,58,74,70,75,68,68,72,67,81,59
Geoff Cameron,Stoke City,75,CDM,62,60,63,56,63,51,56,63,64,54,68,63,68,60,60,74,71,69,62,58,72,72,80,77,75,77,75,79,77,81,82,79,79,82
Luciano Narsingh,Swansea City,75,RW,91,91,91,65,73,70,54,58,65,62,67,76,69,59,42,71,72,76,80,77,76,74,71,24,40,20,19,28,22,58,28,34,71,65
Martin Olsson,Swansea City,75,LB,82,79,84,62,69,55,64,49,75,65,67,69,64,53,66,69,66,71,74,64,70,73,72,73,64,69,74,76,73,76,74,73,86,72
Guido Carrillo,Southampton,75,ST,63,62,63,75,78,76,71,77,74,75,54,34,46,36,57,64,59,71,66,63,74,71,70,36,84,34,32,29,26,77,72,74,72,82
Joselu, Newcastle United,75,ST,62,61,63,72,78,72,68,70,77,72,64,58,74,63,49,70,68,72,67,53,75,74,65,26,79,19,17,24,15,71,57,68,71,77
Kelechi Iheanacho,Leicester City,75,ST,83,84,82,75,79,78,67,73,75,72,62,48,69,64,61,67,65,74,75,68,74,71,72,26,60,21,21,25,23,68,61,60,68,72
Moritz Bauer,Stoke City,75,RB,83,80,86,46,67,34,57,52,61,32,70,77,73,60,69,70,65,73,72,71,70,77,65,71,61,70,71,74,75,72,72,72,78,68
Calum Chambers,Arsenal,75,CB,65,64,66,51,54,47,58,54,52,49,66,70,59,49,65,73,54,69,66,67,73,64,68,75,68,71,75,79,77,75,81,71,71,75
Adam Smith,Bournemouth,75,RB,78,79,78,55,68,43,68,48,72,43,70,73,60,66,63,74,69,75,74,70,74,73,72,72,60,71,73,76,74,70,66,53,78,69
Patrice Evra,West Ham United,75,LB,65,68,63,51,68,33,63,57,71,53,71,76,76,51,69,75,62,74,72,81,74,75,80,76,73,78,74,76,77,69,83,73,62,66
Tim Krul,Brighton and Hove Albion,75,GK,42,50,35,16,16,11,14,42,23,16,29,13,13,15,25,36,44,26,61,42,25,72,67,17,19,22,15,17,14,51,39,69,39,60
Ruben Loftus-Cheek,Crystal Palace,75,LM,73,71,74,61,76,63,60,45,64,31,72,59,47,31,80,81,78,77,72,67,78,58,71,61,58,57,60,67,61,78,72,59,77,82
Harry Winks,Tottenham Hotspur,75,CM,73,77,70,58,64,54,62,51,63,50,75,62,67,60,75,83,78,75,77,73,78,70,73,62,50,61,60,68,61,66,58,54,76,65
Chancel Mbemba,Newcastle United,75,CB,74,72,76,54,52,52,42,31,79,37,53,47,29,28,65,64,43,66,68,63,69,65,68,74,74,72,72,77,76,78,73,83,70,84
Kevin Wimmer,Stoke City,75,CB,56,53,58,27,35,21,25,35,40,27,60,48,24,28,70,72,59,64,59,61,66,71,72,76,74,76,74,77,76,74,74,64,65,79
Martin Dubravka,Newcastle United,75,GK,43,45,41,14,10,10,17,20,22,11,37,12,15,13,43,47,52,26,40,60,28,67,36,16,12,21,16,15,14,49,26,68,40,60
Mathias Jorgensen,Huddersfield Town,75,CB,69,66,72,39,46,34,30,27,61,40,59,47,30,26,62,70,65,54,62,55,61,69,71,73,76,73,71,76,71,81,81,73,78,83
James Morrison,West Bromwich Albion,75,CAM,65,66,65,75,74,72,77,69,80,83,74,78,64,60,73,77,73,76,75,77,76,74,74,60,63,59,55,63,65,65,69,51,73,61
Jonathan Hogg,Huddersfield Town,75,CDM,70,73,68,55,58,54,54,41,61,53,65,58,46,41,69,74,63,68,67,72,68,73,70,72,64,74,68,77,75,81,85,66,91,75
Ayoze Perez,Newcastle United,75,CF,77,78,76,72,78,77,62,73,66,77,62,47,79,65,51,69,68,81,84,79,78,75,72,34,65,32,25,36,24,67,70,72,81,58
Renato Sanches,Swansea City,75,CM,78,79,78,72,70,65,77,68,85,68,69,60,59,68,70,76,67,77,78,85,77,72,67,69,64,69,72,70,64,81,90,79,86,76
Lewis Cook,Bournemouth,75,CM,72,76,69,57,67,56,60,45,60,49,71,59,66,65,74,77,72,78,77,80,80,71,70,66,48,68,62,72,69,70,79,60,77,63
Kenedy,Newcastle United,75,LM,81,83,80,67,73,65,66,67,75,55,70,76,75,54,66,69,70,77,84,62,78,69,66,52,66,55,45,52,48,65,42,70,73,70
Stefano Okaka,Watford,75,ST,70,65,74,72,70,72,67,66,81,66,57,50,58,48,29,70,62,71,57,47,77,70,71,26,81,21,15,25,20,83,73,76,73,93
Konstantinos Stafylidis,Stoke City,75,LB,78,77,79,64,41,48,85,46,89,68,68,77,76,81,74,73,41,73,73,78,75,74,66,72,51,64,74,78,80,75,85,70,72,73
Daniel Amartey,Leicester City,75,CDM,75,73,77,58,49,46,70,51,76,68,64,60,44,32,71,74,59,70,66,64,71,68,70,75,73,73,74,77,75,84,82,83,87,84
Miguel Angel Britos,Watford,75,CB,50,48,51,34,24,37,31,51,30,22,50,43,47,52,64,60,31,52,49,54,58,64,66,75,75,75,74,77,75,75,77,83,62,79
Ezequiel Schelotto,Brighton and Hove Albion,75,RB,78,74,82,61,73,52,67,54,75,59,67,74,67,57,65,68,62,71,71,65,72,73,66,71,64,73,68,74,76,81,85,72,90,75
Ibrahim Afellay,Stoke City,75,CAM,72,74,71,70,70,68,69,70,74,72,76,75,80,75,72,78,74,77,74,77,78,72,78,54,46,62,36,67,58,63,59,73,65,62
Demarai Gray,Leicester City,75,LM,89,91,88,68,68,67,72,58,74,54,66,68,70,58,59,66,69,81,90,82,78,69,64,23,31,23,21,23,20,60,41,55,73,62
Artur Boruc,Bournemouth,75,GK,38,37,39,15,17,11,15,21,21,13,26,12,13,19,34,25,40,22,40,40,18,70,65,18,11,25,13,20,20,54,38,73,31,69
Younes Kaboul,Watford,75,CB,52,46,57,43,51,21,56,54,75,34,56,56,44,43,54,64,51,54,53,46,59,60,65,74,80,74,72,75,74,78,81,78,60,85
Merino,Newcastle United,75,CM,61,62,61,64,70,62,67,58,66,58,72,59,68,69,74,78,76,74,64,60,78,70,66,69,75,75,59,74,65,73,73,68,70,74
Laurent Depoitre,Huddersfield Town,75,ST,63,56,68,72,77,74,63,62,77,69,59,42,46,29,59,70,65,64,40,50,72,72,73,37,82,32,15,46,38,84,77,70,82,90
Paul Dummett,Newcastle United,74,LB,68,66,69,40,56,41,35,43,40,33,63,61,54,52,68,70,52,66,64,76,67,71,60,76,72,75,77,76,79,76,74,75,80,74
Eduardo,Chelsea,74,GK,41,42,41,23,11,20,18,37,38,11,24,13,11,14,32,22,40,27,58,57,32,64,53,18,12,22,13,20,20,48,28,73,18,69
Ashley Westwood,Burnley,74,CM,65,68,63,54,54,47,57,55,69,48,77,76,71,75,79,78,76,71,73,79,74,76,76,66,53,70,65,70,64,72,70,70,82,68
Jordon Ibe,Bournemouth,74,RM,85,85,85,66,68,64,66,57,77,50,65,66,65,53,58,69,67,80,77,82,77,65,64,41,35,44,38,45,40,67,50,60,73,71
Martin Kelly,Crystal Palace,74,CB,58,56,60,44,42,38,38,58,61,39,60,70,60,35,64,68,39,61,59,55,67,73,75,74,76,71,72,77,76,76,70,70,75,79
Joel Ward,Crystal Palace,74,RB,64,62,65,54,64,46,63,40,68,33,65,71,43,34,69,68,66,65,64,61,67,72,73,75,72,77,73,76,77,75,74,66,77,76
Glenn Murray,Brighton and Hove Albion,74,ST,49,47,51,75,84,80,62,77,74,67,59,48,57,33,55,65,68,67,59,73,70,76,77,36,83,45,24,29,23,75,79,84,62,78
Adrian Mariappa,Watford,74,CB,68,68,68,34,53,27,34,44,47,21,57,57,33,22,61,63,58,63,64,76,65,75,64,75,76,68,76,77,79,74,63,80,74,77
Tom Davies,Everton,74,CM,73,74,73,62,70,64,56,42,70,40,72,66,48,55,74,79,76,76,77,73,77,68,74,59,56,60,55,64,58,75,81,57,83,71
Kyle Naughton,Swansea City,74,RB,74,74,74,52,54,45,52,47,68,52,65,71,43,28,66,73,59,67,71,70,68,70,67,74,70,73,71,77,77,70,68,73,74,68
Charlie Taylor,Burnley,74,LB,76,79,73,54,63,49,59,45,63,43,69,75,69,61,67,71,65,73,75,73,71,71,70,72,70,72,71,74,71,76,74,75,79,76
Nathan Dyer,Swansea City,74,RM,83,84,82,71,71,69,74,70,75,52,66,64,58,42,65,73,66,78,85,92,76,66,67,38,32,35,33,45,48,63,69,72,71,55
Jairo Riedewald,Crystal Palace,74,CDM,70,71,70,51,53,46,49,42,69,45,68,65,35,35,75,77,64,69,72,59,74,69,64,73,68,74,71,75,72,72,68,68,74,72
Aaron Cresswell,West Ham United,74,CB,74,75,74,59,63,53,62,59,71,46,73,80,76,70,68,74,68,76,77,85,74,73,72,75,63,74,76,77,78,71,72,86,82,64
Tammy Abraham,Swansea City,74,ST,82,80,84,70,74,74,62,72,75,44,55,47,50,42,41,66,60,68,68,60,70,72,70,25,72,22,19,22,15,71,41,71,71,83
Mohamed Diame,Newcastle United,74,CM,73,71,75,70,68,64,73,63,85,69,68,63,69,29,69,76,66,75,73,69,75,70,67,74,72,78,65,81,73,81,81,72,81,82
Joel Robles,Everton,74,GK,48,46,50,16,13,11,11,15,36,13,21,12,11,20,26,15,41,25,43,39,25,65,37,15,12,22,15,11,14,49,23,64,25,69
Yohan Benalouane,Leicester City,74,CB,61,60,62,39,46,24,39,38,68,51,57,61,51,52,61,63,40,53,60,59,59,65,63,74,67,76,73,76,70,79,87,79,67,81
Robert Huth,Leicester City,74,CB,29,28,30,53,34,46,54,54,73,56,47,31,30,59,60,60,32,38,26,41,49,70,64,73,78,75,73,72,71,79,88,57,63,85
Chris Brunt,West Bromwich Albion,74,RM,59,63,56,72,70,62,79,74,86,70,79,85,86,76,79,78,73,74,65,61,76,74,65,64,61,67,62,66,63,67,69,67,69,66
Ryan Fraser, Bournemouth,74,RM,88,89,88,65,69,68,69,56,60,43,68,72,70,67,54,69,70,77,92,93,71,67,68,42,25,35,53,43,37,55,65,61,75,41
Gaetan Bong,Brighton and Hove Albion,74,LB,70,69,70,41,63,29,53,40,58,16,68,72,64,35,70,72,65,70,71,64,73,70,68,74,60,74,73,78,75,75,70,72,75,77
Lee Grant,Stoke City,74,GK,49,52,46,19,14,17,19,20,24,15,37,19,17,19,40,43,50,28,56,56,34,69,59,16,14,26,12,13,19,57,42,73,39,71
Darren Fletcher,Stoke City,74,CM,44,44,44,66,59,59,73,62,78,62,74,75,73,56,74,78,72,68,54,61,75,80,83,75,80,75,74,74,71,72,80,67,68,72
Timothy Fosu-Mensah,Crystal Palace,74,RB,88,86,89,59,61,57,60,48,68,55,65,64,60,34,69,72,61,67,76,63,65,69,69,73,69,72,71,75,74,80,85,76,74,81
Manquillo,Newcastle United,74,LB,76,77,76,45,69,32,44,46,69,37,63,73,72,51,63,71,39,71,74,64,73,68,64,72,63,71,72,75,73,72,67,68,84,68
Jake Livermore,West Bromwich Albion,74,CM,64,65,64,64,60,60,69,57,72,59,72,65,69,58,74,77,71,72,65,72,75,74,79,71,69,73,70,72,66,79,78,69,84,77
Molla Wague,Watford,74,CB,58,51,64,33,29,31,29,34,44,25,41,36,30,29,51,46,36,44,47,46,51,69,68,74,73,71,75,75,73,81,77,67,66,91
Scott Arfield,Burnley,73,LM,69,70,68,69,71,70,66,62,71,61,72,74,70,65,70,73,72,74,73,78,73,71,70,63,63,65,62,64,61,74,67,72,82,72
Rob Holding,Arsenal,73,CB,62,61,63,34,40,30,27,38,48,27,53,52,33,30,44,62,55,65,60,69,69,68,72,73,67,73,74,74,73,74,72,73,75,75
Maarten Stekelenburg,Everton,73,GK,33,30,36,12,12,11,11,23,13,11,32,18,13,13,37,39,40,23,30,27,31,72,63,18,14,26,18,15,14,57,41,55,30,77
Kevin Long, Burnley,73,CB,66,68,64,35,48,29,27,32,56,26,50,38,38,32,55,60,50,56,61,57,58,66,65,72,74,71,72,73,72,77,75,80,72,79
Jason Puncheon,Crystal Palace,73,CM,66,67,66,68,73,66,68,73,70,68,74,74,75,74,74,75,74,74,71,83,74,73,74,61,49,59,65,63,58,68,72,61,72,66
Matty James,Leicester City,73,CM,61,65,57,61,66,59,58,52,72,44,73,70,68,68,75,77,71,71,62,70,76,70,73,68,63,69,67,71,66,71,69,69,74,71
Jeremy Pied,Southampton,73,RB,71,73,70,68,67,61,72,63,83,69,74,75,75,73,75,77,67,75,76,77,75,68,73,72,71,73,71,72,70,71,77,70,75,67
Kyle Bartley,Swansea City,73,CB,55,58,53,27,25,24,20,46,36,23,49,39,33,34,53,65,38,50,41,32,64,62,66,72,78,70,72,73,70,79,81,33,71,87
Markus Suttner,Brighton and Hove Albion,73,LB,74,74,74,58,51,48,70,38,75,63,72,79,75,81,65,73,65,72,75,72,72,74,72,69,59,69,69,72,71,71,68,74,78,69
Chris Lowe,Huddersfield Town,73,LB,76,78,74,60,62,53,64,74,72,52,68,70,71,65,67,68,65,70,76,77,70,71,68,70,56,71,72,70,71,69,68,77,83,61
Tom Carroll,Swansea City,73,CM,66,67,65,58,67,57,58,56,59,58,74,60,66,65,76,83,76,70,78,74,75,69,68,52,46,55,53,54,47,51,47,45,74,42
Angel Rangel,Swansea City,73,RB,50,53,47,59,65,56,59,59,66,43,71,80,63,57,71,70,71,72,68,55,75,75,76,77,76,79,76,77,77,71,68,75,66,74
Kristoffer Nordfeldt,Swansea City,73,GK,53,55,52,14,15,13,12,13,19,11,28,11,20,11,26,41,30,26,58,46,24,70,18,15,13,23,13,13,15,54,24,83,33,74
Didier Ndong,Watford,73,CM,70,71,69,60,68,54,62,51,74,53,64,47,50,42,71,73,68,72,69,75,75,70,68,74,67,75,72,77,72,78,87,60,82,75
Ben Chilwell, Leicester City,73,LB,80,81,79,48,69,43,37,50,69,39,67,71,66,50,65,69,65,73,72,71,73,70,69,68,60,74,65,68,72,71,68,79,79,67
Tom Ince,Huddersfield Town,73,CAM,78,80,77,69,73,70,71,68,70,44,68,71,75,73,59,67,70,77,85,81,76,68,67,30,40,33,22,35,21,55,38,55,73,52
Charlie Adam,Stoke City,73,CM,43,48,39,74,74,65,79,81,87,76,80,85,85,81,76,76,81,68,55,57,73,66,71,61,70,62,57,63,59,77,90,60,61,81
Bruno Saltor,Brighton and Hove Albion,73,RB,62,65,59,45,59,33,46,45,65,56,71,72,66,51,73,74,68,71,69,66,74,76,75,75,63,78,73,79,76,68,77,59,63,68
Wayne Hennessey,Crystal Palace,73,GK,41,40,41,16,14,12,10,17,34,10,21,11,12,11,13,12,58,18,48,51,12,58,48,17,14,22,15,18,13,48,21,41,29,68
Leonardo Ulloa,Brighton and Hove Albion,73,ST,48,43,52,72,76,73,63,73,76,71,62,51,55,56,63,69,63,68,55,57,72,74,72,42,83,33,27,48,45,78,71,74,67,87
James McClean,West Bromwich Albion,73,LM,78,76,80,66,72,67,62,65,70,59,69,73,68,66,65,68,69,75,75,73,72,70,71,57,67,51,59,56,59,75,88,68,78,69
Peter Crouch,Stoke City,73,ST,33,31,34,74,82,77,64,74,75,80,67,59,62,50,63,73,75,65,51,28,77,80,76,34,84,27,33,26,20,67,70,31,64,70
Boaz Myhill,West Bromwich Albion,73,GK,44,41,46,16,13,11,12,42,27,11,30,11,13,12,32,39,40,29,51,48,35,66,46,15,13,25,13,11,16,47,21,72,29,63
Glen Johnson,Stoke City,73,RB,69,68,70,60,67,54,64,59,69,54,72,75,76,61,71,73,69,74,65,69,77,70,72,73,68,73,73,73,73,72,69,78,70,74
Mike van der Hoorn,Swansea City,73,CB,38,34,42,45,40,42,31,40,73,26,47,36,33,31,62,57,37,47,32,37,54,62,62,75,80,70,75,78,70,74,64,83,57,85
Diego Cavalieri,Crystal Palace,73,GK,31,29,33,16,11,13,15,16,25,13,24,19,14,12,32,26,25,23,40,26,22,64,42,15,10,17,19,13,12,51,21,70,39,67
Dan Gosling,Bournemouth,73,CM,62,64,60,69,75,66,73,61,71,64,70,68,57,57,71,73,73,70,65,71,73,70,77,68,65,71,66,69,68,72,73,69,78,69
Craig Cathcart,Watford,73,CB,56,50,61,37,27,29,41,28,56,30,54,39,39,39,61,71,43,54,64,56,59,62,67,74,74,68,76,77,73,71,69,69,65,75
Mason Holgate,Everton,73,CB,76,74,78,42,50,37,42,40,51,40,59,51,40,35,68,70,53,65,65,57,67,65,66,74,65,76,72,76,74,73,67,65,76,75
Jonathan Walters,Burnley,73,ST,62,61,63,72,73,73,69,74,75,67,69,74,64,56,63,71,69,71,68,68,72,74,73,58,74,57,56,58,49,80,80,75,77,82
Sam Byram,West Ham United,73,RB,75,75,75,60,65,59,60,50,66,43,66,70,55,33,65,70,68,72,76,70,72,74,70,70,66,68,69,73,72,73,68,79,78,71
Joe Gomez,Liverpool,73,RB,80,78,82,30,51,26,26,26,41,24,56,65,41,29,53,67,41,66,64,66,67,71,63,73,69,74,71,75,73,74,67,64,73,79
Wayne Routledge,Swansea City,73,RM,72,71,72,64,71,65,55,63,68,71,70,73,61,28,72,73,72,77,77,87,75,71,69,36,34,39,30,37,46,61,36,71,65,67
Sam Clucas,Swansea City,73,CM,71,68,74,67,64,67,68,65,67,68,72,70,65,67,70,76,72,72,66,63,72,66,69,63,60,67,61,66,57,70,56,70,89,67
Florent Hadergjonaj,Huddersfield Town,73,RB,81,82,80,48,57,47,41,44,59,41,66,76,44,42,68,70,60,71,74,72,72,68,52,68,62,66,68,71,72,67,64,72,74,65
Saido Berahino,Stoke City,73,ST,78,80,76,72,77,73,67,72,74,67,57,51,65,61,55,61,54,74,73,71,74,69,70,27,66,33,20,18,23,60,47,55,64,64
Alex Pritchard,Huddersfield Town,73,CAM,73,77,69,69,70,67,69,66,76,63,73,70,75,77,68,73,76,75,76,85,75,64,56,39,42,40,34,40,43,52,67,52,67,39
Solly March,Brighton and Hove Albion,72,LM,85,86,85,67,63,66,71,55,74,54,66,67,70,64,62,67,64,77,82,79,73,59,68,40,40,30,35,50,42,61,49,42,74,61
Jordan Hugill,West Ham United,72,ST,80,80,80,68,67,72,57,62,72,61,52,53,55,35,25,63,57,66,61,62,67,64,60,35,80,28,27,32,34,87,90,84,87,87
Adam Federici ,Bournemouth,72,GK,45,44,46,18,16,18,14,41,17,19,32,19,27,21,25,28,63,28,50,42,27,72,61,17,18,22,20,11,18,57,44,72,38,70
Bakary Sako,Crystal Palace,72,LM,76,77,76,72,72,68,78,70,77,63,69,79,74,74,63,65,69,71,72,67,69,67,69,39,60,40,37,33,35,76,75,58,70,82
Karl Darlow,Newcastle United,72,GK,55,59,52,14,18,14,11,19,13,15,27,12,19,16,28,32,36,27,63,64,27,65,24,15,12,25,15,11,12,46,13,67,44,58
Elias Kachunga, Huddersfield Town,72,RM,83,82,83,69,71,70,66,65,72,68,63,66,66,46,54,66,66,72,74,74,71,71,69,37,72,25,20,53,32,74,67,80,81,73
Tommy Smith,Huddersfield Town,72,RB,74,76,73,34,67,38,22,41,29,20,67,74,59,41,62,68,68,65,60,63,67,72,63,70,65,67,71,73,69,73,71,64,79,71
Andy King,Swansea City,72,CM,64,66,62,71,72,70,72,63,72,69,68,61,64,59,69,74,69,70,69,60,73,72,69,70,73,68,69,71,67,71,63,75,71,74
Jesus Gamez,Newcastle United,72,RB,66,60,71,50,47,37,51,53,80,44,62,76,65,51,62,63,49,64,57,56,70,66,74,73,63,74,74,76,73,77,84,73,68,80
Julian Speroni,Crystal Palace,72,GK,43,42,43,14,8,13,12,22,20,12,23,13,15,12,23,24,34,21,48,55,14,70,35,13,11,17,12,12,15,38,21,74,33,43
Beram Kayal,Brighton and Hove Albion,72,CM,71,72,70,61,63,54,68,58,72,53,70,65,58,57,72,74,71,73,77,74,71,67,72,67,66,67,64,71,68,80,83,90,89,74
Eldin Jakupovic,Leicester City,72,GK,47,46,47,15,11,12,11,22,25,22,33,11,11,14,34,39,52,21,38,45,22,59,67,15,12,24,13,12,11,51,45,66,31,62
Stephen Ireland,Stoke City,72,CAM,54,57,51,64,74,62,63,66,62,75,70,63,71,60,64,74,76,72,74,78,73,75,74,45,42,54,38,45,48,57,60,60,58,55
Jeffrey Schlupp,Crystal Palace,72,LB,87,84,89,61,71,56,53,67,74,64,62,68,62,34,55,66,63,71,81,79,65,69,64,69,64,67,70,69,70,78,72,77,78,81
Marc Pugh,Bournemouth,72,LM,71,74,69,66,72,68,66,64,67,49,67,69,60,69,59,69,69,74,76,66,74,69,71,39,66,37,30,44,31,67,60,63,77,66
Jacob Murphy,Newcastle United,72,RM,84,82,85,68,68,66,74,68,73,50,68,69,75,66,60,68,71,74,81,77,69,64,65,33,40,16,34,39,40,56,31,51,72,59
Isaac Hayden, Newcastle United,72,CDM,62,59,64,51,51,48,53,49,60,30,61,43,45,38,68,72,65,66,60,61,71,67,62,69,65,68,69,72,69,77,78,70,75,78
Connor Wickham,Crystal Palace,72,ST,66,63,68,72,68,74,67,75,76,62,61,62,53,67,57,62,60,66,57,53,70,72,65,27,74,18,19,28,20,77,72,68,67,84
Erwin Mulder,Swansea City,72,GK,38,35,40,22,11,20,15,25,39,14,29,15,14,12,34,33,41,25,36,38,30,71,32,16,19,18,16,15,13,53,31,75,36,69
Rob Green,Huddersfield Town,72,GK,38,46,32,14,13,12,11,21,22,12,28,19,16,13,14,26,58,22,47,40,15,70,49,14,15,20,12,12,11,45,26,68,26,59
Phil Bardsley,Burnley,72,RB,62,65,60,59,58,47,66,56,83,43,63,67,66,33,62,69,56,66,68,62,68,74,67,73,69,70,73,75,77,79,85,75,77,78
Tomer Hemed,Brighton and Hove Albion,72,ST,56,53,59,73,75,73,67,85,76,72,52,45,52,54,44,60,51,66,64,56,73,74,65,32,76,34,17,37,15,73,74,72,68,76
Rob Elliot,Newcastle United,72,GK,48,47,48,13,12,11,12,43,11,13,26,16,16,12,31,28,35,25,54,42,22,67,38,15,13,22,15,12,15,49,12,52,32,71
Scott Malone,Huddersfield Town,71,LB,76,75,77,62,64,57,65,64,69,54,63,68,40,63,64,67,55,69,73,65,68,71,63,67,55,70,66,69,68,73,65,71,79,73
Cuco Martina,Everton,71,LB,71,69,72,52,53,45,60,51,61,44,63,73,63,45,60,62,59,63,70,60,62,72,71,69,65,70,67,72,71,75,71,85,82,73
Steve Sidwell,Brighton and Hove Albion,71,CM,46,53,40,69,70,67,69,68,76,66,70,70,70,58,70,72,69,67,64,69,70,72,71,70,69,73,70,71,65,68,74,61,65,67
Danny Williams,Huddersfield Town,71,CM,75,77,73,69,67,66,68,50,80,68,65,66,54,48,67,71,60,73,74,70,68,73,68,69,69,69,66,71,72,83,86,80,91,78
Nahki Wells,Burnley,71,ST,83,85,82,70,73,71,67,70,69,67,61,61,67,65,43,63,66,72,82,81,72,66,68,42,64,53,25,48,35,67,67,73,79,61
Jack Stephens,Southampton,71,CB,61,57,64,41,47,36,42,42,49,34,55,47,55,58,53,66,44,62,60,58,66,65,65,72,68,72,71,74,71,69,63,67,66,74
Dominic Calvert-Lewin,Everton,71,ST,85,84,86,66,69,70,58,54,68,59,55,59,51,42,35,64,56,72,79,68,73,60,55,33,70,34,25,31,21,75,65,80,80,75
Joel Pereira,Manchester United,71,GK,43,43,43,12,14,12,11,12,12,7,30,10,9,11,20,36,55,21,34,44,20,68,54,13,11,20,13,11,9,44,22,54,34,56
Alexander Sorloth,Crystal Palace,71,ST,80,78,82,69,67,72,62,63,72,64,55,51,61,51,51,58,55,66,48,65,68,60,67,25,70,19,20,21,21,78,73,57,74,84
Edimilson Fernandes,West Ham United,71,CAM,80,78,81,65,65,62,70,55,73,56,67,57,57,51,70,74,69,71,70,56,71,58,63,52,43,42,53,60,55,70,60,59,80,70
Uwe Hunemeier,Brighton and Hove Albion,71,CB,57,53,60,46,40,40,40,56,65,48,59,47,43,56,63,67,57,56,59,59,63,71,62,71,74,72,73,69,70,68,68,69,59,72
Liam Rosenior,Brighton and Hove Albion,70,LB,69,69,69,52,60,50,42,43,64,54,59,62,65,35,53,63,56,69,69,71,68,65,64,71,60,71,70,73,76,67,71,71,73,61
Dean Marney,Burnley,70,CM,64,65,63,64,59,61,67,56,72,66,69,66,65,62,71,72,68,68,63,67,69,71,74,68,67,72,67,66,70,76,83,73,73,75
Dominic Solanke,Liverpool,70,ST,75,76,74,67,66,70,57,71,68,65,62,54,54,42,58,71,63,73,73,69,76,63,64,25,64,22,24,15,22,63,34,69,68,72
Lee Chung Yong,Crystal Palace,70,CAM,72,73,71,63,70,61,61,63,65,64,70,69,66,65,66,70,74,70,75,78,69,74,72,47,58,51,40,48,41,58,52,58,75,51
Tyrone Mings,Bournemouth,70,LB,73,72,74,36,57,35,30,32,41,30,61,70,45,37,59,65,54,66,63,52,65,65,59,69,63,70,68,71,70,77,73,64,75,80
Oliver Burke,West Bromwich Albion,70,RM,90,85,94,62,64,67,53,42,70,48,60,63,62,38,55,65,57,71,67,66,69,66,64,36,44,34,36,38,27,69,59,50,62,79
Luke Garbutt,Everton,70,LB,70,71,70,52,64,45,63,43,58,44,69,75,77,76,63,70,63,67,70,69,69,66,63,66,59,64,68,67,69,68,67,71,74,66
Isaiah Brown,Chelsea,70,CAM,75,74,75,65,64,66,65,60,64,56,65,61,57,53,66,67,68,75,80,71,75,62,64,42,59,41,35,44,40,65,54,75,64,68
Oleksandr Zinchenko,Manchester City,70,LB,72,75,70,65,69,58,70,59,75,60,75,78,78,74,76,72,78,75,80,80,73,70,61,65,59,68,63,67,65,62,67,67,67,56
Pape Souare,Crystal Palace,70,LB,74,75,73,50,73,43,52,49,60,43,68,73,68,63,66,68,64,68,74,67,69,70,65,68,60,67,68,69,71,69,74,81,66,67
Rajiv van La Parra,Huddersfield Town,70,LM,85,85,85,56,65,51,54,63,67,51,60,58,67,57,52,66,58,77,78,75,77,60,66,37,38,34,29,48,36,66,58,56,69,68
Adam Bogdan,Liverpool,70,GK,54,52,56,13,13,11,14,18,16,11,20,15,18,12,12,16,38,20,35,41,18,67,28,15,11,24,15,11,16,52,20,63,33,74
Connor Goldson,Brighton and Hove Albion,70,CB,68,67,68,40,30,44,39,34,42,20,53,36,22,28,67,66,50,56,52,45,56,61,62,70,72,68,69,71,68,73,64,73,69,79
Dodi Lukebakio,Watford,70,RM,80,83,78,61,61,58,68,45,66,61,65,67,67,66,63,65,63,77,82,76,74,66,58,19,26,23,12,21,23,43,28,69,58,39
Sam Baldock,Brighton and Hove Albion,70,ST,80,79,81,69,76,70,68,68,69,64,50,48,65,62,37,49,55,72,81,83,73,68,67,33,59,35,33,26,28,64,47,73,82,60
Erdal Rakip,Crystal Palace,70,CM,70,75,65,57,70,52,63,55,62,52,68,59,62,67,70,73,68,73,86,81,72,70,61,53,46,55,52,53,58,73,84,73,87,62
Paulo Gazzaniga,Tottenham Hotspur,70,GK,64,63,65,22,13,12,19,41,49,8,36,21,33,21,49,32,52,28,64,49,20,59,49,17,14,16,18,20,11,54,32,66,45,67
Jonjoe Kenny,Everton,70,RB,76,75,77,35,50,28,30,53,50,33,58,67,56,34,59,62,46,61,71,71,55,58,48,71,64,73,70,73,74,67,69,71,71,64
Danny Ward,Liverpool,70,GK,44,43,44,15,7,11,16,20,25,13,28,13,15,14,42,30,38,26,38,53,23,67,30,19,13,20,19,20,18,43,25,55,22,60
Michael Hefele,Huddersfield Town,70,CB,52,48,55,44,54,42,34,60,54,30,54,38,21,39,65,65,52,48,34,45,52,64,61,68,71,64,69,69,65,78,77,71,64,87
Phil Foden,Manchester City,69,CAM,75,78,72,57,64,55,56,44,65,43,66,61,62,53,63,72,69,73,85,86,72,64,69,50,47,51,53,50,46,52,47,54,71,44
Hal Robson-Kanu,West Bromwich Albion,69,ST,74,72,76,70,66,72,68,73,70,65,61,68,61,35,57,63,59,69,60,58,68,63,61,37,57,32,40,35,27,74,80,62,69,75
Massadio Haidara,Newcastle United,69,LB,73,76,70,51,53,41,45,55,79,37,60,62,52,60,58,66,49,67,59,71,66,63,62,68,59,68,68,70,69,72,74,66,71,73
Collin Quaner,Huddersfield Town,69,ST,82,79,85,64,67,66,59,55,68,60,58,63,43,38,54,64,56,65,61,54,63,66,59,27,66,21,19,27,23,73,63,44,75,79
Lys Mousset,Bournemouth,69,ST,80,78,81,70,64,69,70,75,76,51,50,48,47,41,39,57,51,70,74,66,66,60,60,23,67,22,14,20,17,64,37,70,63,74
Fousseni Diabate,Leicester City,69,RM,82,84,80,63,67,67,59,59,61,56,58,64,43,38,58,60,56,74,81,76,72,63,51,22,62,20,19,17,14,54,33,54,70,54
Nikola Vlasic,Everton,68,RM,77,80,75,63,65,63,58,63,66,62,63,64,60,58,57,63,66,73,75,76,73,51,59,31,51,26,23,35,37,64,63,58,67,63
Tommie Hoban,Watford,68,CB,54,53,54,37,27,34,33,31,48,52,56,53,42,34,56,64,52,54,57,49,58,64,64,69,68,68,68,70,67,65,56,73,57,72
Anders Lindegaard,Burnley,68,GK,50,47,52,20,19,16,19,42,28,13,25,14,11,18,28,19,50,29,53,54,31,61,62,16,14,23,14,15,14,51,32,68,25,69
Jiri Skalak,Brighton and Hove Albion,68,LM,68,71,66,64,66,62,61,70,67,65,65,71,74,69,59,64,64,71,76,78,72,65,59,29,55,56,12,26,10,65,63,72,62,67
Niki Maenpaa,Brighton and Hove Albion,68,GK,35,31,38,15,15,12,14,14,24,12,18,16,12,13,15,16,27,24,55,30,16,69,38,13,12,15,16,9,12,49,32,43,38,61
Josh Sims,Southampton,68,LM,84,86,82,60,61,62,53,67,64,54,60,60,58,45,58,65,57,72,81,78,68,62,61,29,42,20,26,31,36,53,37,45,60,57
Juan Foyth,Tottenham Hotspur,68,CB,73,74,72,45,46,43,39,47,56,43,53,41,41,47,49,65,52,68,75,74,69,70,57,67,67,71,66,65,67,66,55,73,73,66
Scott McTominay,Manchester United,68,CM,69,68,70,59,63,55,61,59,67,53,66,66,50,34,65,74,66,63,62,52,68,62,57,63,70,66,60,64,59,75,72,65,73,79
Harvey Barnes,Leicester City,68,LM,75,77,73,65,62,67,67,49,65,50,66,66,59,52,58,69,71,67,70,67,65,60,58,44,41,43,41,47,44,53,47,44,70,48
Ben Hamer,Leicester City,68,GK,45,45,45,20,13,20,18,22,23,14,24,11,13,12,30,25,38,27,50,56,23,63,56,14,11,23,12,12,12,50,34,54,35,64
Ainsley Maitland-Niles,Arsenal,68,RM,86,84,87,54,56,51,56,54,60,44,64,61,51,36,66,70,65,67,79,70,63,62,55,58,38,63,57,61,60,68,58,58,74,70
Shani Tarashaj,Everton,68,CAM,76,77,76,65,77,69,53,70,67,44,61,63,68,30,51,66,66,69,75,80,67,62,62,23,56,21,17,23,12,59,56,61,59,60
Jan Bednarek,Southampton,68,CB,66,63,69,22,26,19,23,32,25,20,51,44,23,26,41,67,52,49,59,62,55,65,58,66,59,64,67,69,66,74,67,74,69,79
Ali Gabr,West Bromwich Albion,68,CB,63,65,62,35,22,25,42,24,56,33,47,34,34,22,66,59,35,46,63,60,44,55,65,69,63,63,70,71,75,72,67,66,66,78
Emerson Hyndman,Bournemouth,67,CM,69,74,64,59,64,62,51,55,60,59,69,65,62,56,70,74,66,75,90,86,73,55,70,53,52,51,49,57,54,43,46,50,62,31
Declan Rice,West Ham United,67,CB,64,62,65,30,32,24,28,30,46,23,49,34,35,20,58,59,49,53,47,56,56,56,60,67,63,65,65,70,68,70,63,71,70,72
Philip Billing,Huddersfield Town,67,CDM,65,63,66,64,60,58,72,46,74,62,62,44,61,43,69,70,67,65,58,61,68,64,64,65,68,65,62,68,65,68,61,62,62,74
 Hamza Choudhury,Leicester City,67,CDM,71,70,72,44,49,35,38,55,69,42,58,43,45,48,60,70,56,63,70,72,62,60,59,67,64,67,64,69,68,74,77,70,74,73
Brad Smith,Bournemouth,67,LB,83,81,85,43,59,42,49,40,40,23,61,77,63,27,60,63,50,63,75,75,59,63,58,60,48,64,58,62,60,68,70,64,78,63
Brahim Diaz,Manchester City,67,CF,78,80,77,64,63,65,62,58,69,44,57,43,62,47,50,67,60,75,83,83,74,56,57,23,30,20,22,23,21,49,28,67,66,47
Tom Edwards,Stoke City,67,RB,76,78,74,41,54,40,44,45,40,32,59,63,49,43,55,62,57,62,72,66,61,64,49,64,55,62,62,69,70,73,70,81,72,73
Jaroslaw Jach,Crystal Palace,67,CB,63,62,63,45,43,40,48,36,57,41,50,49,40,55,51,58,39,55,60,54,58,55,59,67,62,62,68,69,68,73,63,60,66,82
Cameron Borthwick-Jackson,Manchester United,67,CB,72,71,73,43,50,42,43,46,45,41,63,75,74,42,61,66,52,63,60,58,65,60,59,67,64,64,64,71,70,64,57,73,64,65
Sam McQueen,Southampton,67,LB,75,74,76,48,47,47,51,52,48,42,61,72,67,47,57,60,57,70,73,72,69,62,57,63,53,62,62,67,61,68,55,61,73,71
Ales Mateju,Brighton and Hove Albion,66,RB,73,75,72,41,54,28,52,46,56,33,60,63,65,54,52,64,58,65,69,70,66,61,67,63,53,62,67,62,65,62,67,72,66,57
Jake Hesketh,Southampton,66,CAM,68,71,65,51,45,52,46,59,53,47,67,57,61,51,64,74,70,71,79,84,71,58,70,47,51,28,44,57,55,49,45,69,55,45
Sean Scannell,Huddersfield Town,66,RM,83,82,84,62,63,63,62,56,61,63,57,61,53,58,50,58,59,70,77,78,66,58,64,42,56,45,39,39,37,72,66,49,69,78
Sam Field,West Bromwich Albion,66,CM,60,65,56,49,55,41,44,54,68,47,66,52,49,47,76,79,61,63,59,68,64,62,57,57,63,54,53,58,61,64,69,58,75,58
Joe Riley,Manchester United,66,RB,77,78,77,43,55,31,45,42,64,41,61,67,55,63,56,64,52,67,64,74,65,63,57,60,61,60,55,63,62,65,71,62,72,60
Kyle Walker-Peters,Tottenham Hotspur,66,RB,79,81,77,36,58,35,41,32,31,25,56,64,50,31,55,62,48,65,72,82,63,58,66,64,55,64,63,67,64,63,60,75,68,61
Marcus Edwards,Tottenham Hotspur,66,RM,75,78,73,58,64,62,54,60,56,45,60,56,62,61,55,63,60,73,85,91,68,57,59,30,37,30,26,33,27,44,48,58,62,32
Conor Grant,Everton,66,CM,63,65,61,61,63,58,69,34,68,43,69,69,68,72,65,69,69,68,76,74,66,56,64,56,58,57,50,61,57,66,70,62,66,65
Aaron Wan-Bissaka,Crystal Palace,65,RB,84,83,84,47,51,44,46,56,51,43,51,61,44,45,44,53,47,64,81,74,61,50,45,61,46,60,60,65,71,61,47,61,69,62
Konstantinos Mavropanos,Arsenal,65,CB,64,60,67,33,30,30,26,42,45,30,41,37,32,37,48,44,37,44,58,43,42,52,42,65,66,58,59,74,72,71,65,68,63,78
Charlie Colkett,Chelsea,65,CM,65,66,64,52,56,47,53,58,61,37,69,68,67,66,68,71,70,65,57,74,68,57,67,58,58,42,57,64,70,61,61,61,62,60
Sead Haksabanovic,West Ham United,65,RM,74,77,72,60,58,54,66,64,68,60,63,59,64,62,56,66,66,69,80,79,69,55,61,29,37,26,30,29,27,55,36,75,65,56
Adam Legzdins,Burnley,65,GK,32,35,30,15,15,13,12,17,20,18,26,17,17,17,25,20,49,23,47,45,17,62,61,13,19,16,11,11,11,52,37,62,31,67
Jakob Haugaard,Stoke City,65,GK,43,44,42,13,12,10,11,18,22,12,25,13,15,14,30,30,31,21,38,36,20,64,30,14,15,24,10,13,11,51,25,60,33,69
Ben Woodburn,Liverpool,65,CAM,77,82,73,62,64,62,62,62,66,45,57,50,50,45,58,65,56,68,79,79,67,60,58,21,44,28,16,15,21,53,31,60,64,56
Gedion Zelalem,Arsenal,65,CM,65,69,61,49,55,48,44,56,51,55,66,51,65,54,71,73,70,67,68,73,70,62,65,45,49,34,45,48,49,54,40,56,68,52
Josh Cullen,West Ham United,65,CM,71,76,67,47,55,42,50,58,52,48,62,51,59,53,64,68,66,68,74,80,67,65,64,54,50,50,52,59,60,66,76,58,75,59
Henrik Bjordal,Brighton and Hove Albion,65,RM,68,69,67,58,59,58,59,48,60,53,63,57,58,43,64,67,66,67,67,70,67,59,61,55,54,50,57,57,53,64,58,71,67,65
Beni Baningime,Everton,64,CDM,58,56,59,43,39,34,45,48,61,37,60,43,45,47,63,70,63,62,62,70,59,58,61,63,55,63,65,62,64,60,66,63,63,56
Tahith Chong,Manchester United,64,LW,78,79,77,55,64,56,52,44,53,59,60,62,65,60,53,58,63,67,78,60,65,53,60,34,50,34,25,39,34,66,62,70,60,71
George Thomas,Leicester City,64,RM,76,73,78,61,61,63,58,63,61,59,58,61,58,60,52,59,59,64,69,74,63,50,63,29,46,34,19,32,27,65,67,80,74,58
Ro-Shaun Williams,Manchester United,64,CB,76,77,76,33,29,27,30,49,43,37,44,32,35,36,52,56,31,52,61,59,50,50,49,63,63,56,61,68,66,64,66,66,51,69
Tosin Adarabioyo,Manchester City,64,CB,55,52,58,29,28,30,22,35,31,25,43,30,26,22,49,59,32,52,58,52,62,54,70,63,65,58,62,67,64,69,52,68,71,75
Callum Gribbin,Manchester United,64,CAM,69,70,69,52,62,45,55,48,65,44,64,62,64,72,63,66,62,67,62,66,67,60,51,40,54,42,40,35,40,56,50,55,64,55
Tyrese Campbell,Stoke City,64,ST,81,80,81,62,62,63,61,73,62,54,53,48,60,54,42,58,56,60,69,69,60,61,54,32,62,28,27,31,24,68,58,74,63,74
Stuart Taylor,Southampton,64,GK,31,32,31,16,13,11,13,41,25,12,21,13,13,11,18,28,21,24,54,44,26,63,62,15,20,24,11,12,12,56,40,32,40,72
Jonathan Leko,West Bromwich Albion,64,RW,88,88,88,63,60,64,57,78,66,50,49,42,46,34,41,56,53,69,82,73,63,58,55,23,64,16,20,17,23,61,30,65,71,67
Reiss Nelson,Arsenal,64,RM,87,88,86,54,61,54,42,54,65,49,53,53,54,44,50,54,55,71,84,68,64,57,57,39,39,42,38,37,37,51,42,46,61,51
Angel Gomes,Manchester United,64,CAM,72,75,70,60,57,61,58,70,61,57,63,61,65,68,65,63,63,68,82,90,66,53,57,22,52,23,16,19,20,41,36,58,55,34
Kenji Gorre,Swansea City,64,LM,68,71,65,63,62,60,66,52,72,53,59,59,64,36,50,63,62,68,72,65,67,66,54,34,40,36,30,36,33,58,43,47,55,67
Ollie Shenton,Stoke City,64,CM,63,66,61,53,54,52,47,60,62,49,64,59,58,49,65,70,64,66,63,69,70,60,65,51,49,44,51,54,55,63,52,69,61,67
Aiden O'Neill,Burnley,64,CM,65,66,65,54,53,51,56,49,61,49,62,53,58,42,65,68,62,65,69,71,66,60,70,53,45,58,51,55,49,63,58,65,72,61
Lewis Banks,Stoke City,63,RB,72,72,72,36,50,36,31,44,35,29,53,56,45,42,56,55,50,60,64,74,54,60,52,62,57,61,60,66,66,64,63,73,63,63
Lukas Nmecha,Manchester City,63,ST,76,73,78,63,62,68,51,65,69,44,38,31,42,33,27,44,45,61,73,65,62,50,48,20,54,22,12,15,17,61,33,70,63,71
Victor Fernandez,Newcastle United,63,LM,73,77,70,61,55,62,57,63,65,52,55,60,55,49,45,56,58,68,62,83,70,52,56,28,40,23,23,32,30,45,30,45,52,47
Sam Hughes,Leicester City,63,CB,60,57,62,33,45,29,27,45,42,32,38,38,35,34,33,40,38,44,53,56,41,64,51,63,66,61,62,64,59,69,62,70,67,73
Callum Hudson-Odoi,Chelsea,63,LW,78,79,78,58,58,59,56,55,60,52,61,59,62,54,61,63,61,65,71,66,63,52,60,31,53,23,27,30,36,61,49,57,57,68
Arijanet Muric,Manchester City,63,GK,45,44,46,15,11,12,14,18,21,16,29,13,18,11,37,32,40,24,38,40,22,59,33,13,10,18,10,12,13,49,24,62,29,68
Michael Obafemi,Southampton,63,ST,81,82,80,59,64,62,56,62,60,41,48,39,50,41,42,55,49,60,77,87,58,58,55,23,64,13,20,23,15,56,38,65,57,61
Daniel Jarvis,Stoke City,63,CAM,64,63,64,54,55,50,45,61,70,54,66,61,56,52,70,74,60,65,65,71,65,59,66,51,56,44,49,54,59,53,49,60,50,55
Jon Gorenc Stankovic,Huddersfield Town,62,CB,53,52,53,40,46,39,30,40,53,32,50,28,44,29,56,62,55,53,53,51,55,59,52,61,62,57,59,64,61,65,61,59,60,69
Abdelhamid Sabiri,Huddersfield Town,62,CAM,76,74,78,56,56,58,55,53,55,41,51,54,72,64,48,45,50,74,82,63,71,62,64,38,68,28,36,37,39,64,44,72,72,67
Macaulay Gillesphey,Newcastle United,62,CB,51,52,51,33,29,28,29,51,46,34,48,56,29,37,42,57,38,44,43,68,53,53,50,61,58,57,59,66,65,63,60,74,64,63
Lasse Sorensen,Stoke City,62,CDM,64,63,65,50,47,48,45,56,61,42,61,49,49,45,66,70,59,59,60,57,59,59,56,60,62,55,56,64,64,58,63,61,57,56
Dujon Sterling,Chelsea,62,RWB,76,75,77,46,43,50,37,43,53,29,49,55,38,34,40,54,46,63,62,57,55,58,49,61,56,55,60,64,67,67,62,63,61,73
Daniel Bachmann,Watford,62,GK,43,50,37,18,13,17,15,31,21,16,27,14,18,20,35,36,20,23,40,44,22,69,22,16,12,26,16,11,11,49,31,57,36,61
Kylian Hazard,Chelsea,62,LW,75,78,73,54,53,53,56,54,54,57,60,54,56,54,60,62,66,67,73,78,68,43,57,30,39,28,25,34,32,44,40,65,40,46
Jake Flannigan,Southampton,62,CM,61,57,65,55,54,57,44,55,65,51,64,50,64,56,66,71,64,66,63,67,69,52,61,47,52,28,49,53,52,57,51,54,53,62
Cameron Humphreys-Grant,Manchester City,62,CB,67,68,67,32,50,24,33,40,44,26,48,48,33,35,51,55,39,50,63,63,50,56,46,62,60,54,66,65,58,67,56,76,64,71
Martell Taylor-Crossdale,Chelsea,62,ST,70,68,72,63,46,63,60,69,70,60,51,42,56,37,41,56,60,65,60,60,64,61,56,22,50,16,19,21,17,56,40,55,50,65
Fraser Hornby,Everton,62,ST,59,62,57,61,60,65,55,54,62,50,48,35,53,40,44,54,52,62,55,63,60,58,58,23,61,16,19,21,19,62,50,60,56,69
Zachary Dearnley,Manchester United,62,RM,68,69,68,58,66,62,46,53,66,42,56,55,48,48,57,59,55,62,52,67,63,52,50,37,62,48,30,30,31,59,64,56,55,59
Domingos Quina,West Ham United,62,CAM,72,74,71,49,53,44,57,45,54,46,58,54,58,47,59,60,61,69,78,85,67,55,59,28,30,28,19,36,27,48,53,54,60,39
Gregor Zabret,Swansea City,62,GK,45,48,42,15,11,11,17,22,22,15,18,13,11,11,29,23,11,20,35,52,18,53,38,11,12,13,11,10,13,47,31,57,33,59
Tashan Oakley-Boothe,Tottenham Hotspur,62,CM,71,68,74,32,36,29,25,36,44,34,60,44,36,35,70,72,60,60,56,52,65,51,65,56,45,60,50,64,55,63,59,61,72,61
Tosin Kehinde,Manchester United,62,LM,75,73,76,50,58,41,50,52,68,44,59,49,45,45,66,68,54,64,70,70,61,61,54,39,59,48,33,35,35,61,62,55,63,61
Curtis Good,Newcastle United,62,CB,55,58,53,35,36,31,36,46,39,35,51,42,35,26,54,62,49,47,57,54,57,54,53,61,63,55,62,64,60,64,51,65,53,75
DJ Buffonge,Manchester United,62,CM,70,70,70,54,52,53,46,63,65,49,64,53,63,51,70,72,58,71,76,79,71,61,63,43,55,28,42,49,48,49,49,59,37,54
Yan Dhanda,Liverpool,62,CAM,70,68,72,57,46,58,55,61,58,53,59,46,60,50,62,66,59,66,78,80,61,54,54,44,34,25,46,53,54,46,50,73,53,38
Rayhaan Tulloch,West Bromwich Albion,61,ST,67,66,68,59,61,62,58,55,58,43,46,38,45,34,41,53,51,55,51,70,63,56,50,23,62,20,18,17,19,58,55,67,56,60
Luke Charman,Newcastle United,61,ST,57,56,58,63,60,64,59,67,65,55,43,30,41,32,34,51,53,55,50,66,55,54,53,30,68,25,28,24,25,66,63,67,60,70
Jack Rose,Southampton,61,GK,42,41,43,17,10,14,18,29,24,15,24,15,11,19,23,29,31,23,32,35,20,59,27,16,15,15,15,18,19,37,25,54,29,45
Daniel Gyollai,Stoke City,61,GK,45,45,45,19,16,19,17,27,20,19,24,16,12,17,21,30,26,22,31,50,20,57,24,18,19,27,12,19,12,45,25,62,29,60
Javairo Dilrosun,Manchester City,61,LM,83,84,82,53,52,57,42,60,56,44,54,58,43,49,45,56,55,64,63,73,63,46,47,28,32,28,26,30,27,52,35,44,51,60
Liandro Martis,Leicester City,61,LM,78,80,77,57,56,55,62,39,59,58,49,62,68,33,32,50,48,67,78,85,61,50,53,22,28,19,21,23,22,62,55,73,64,63
Herbie Kane,Liverpool,61,CM,72,70,73,58,60,60,50,55,63,46,58,45,41,46,63,72,52,59,62,79,62,55,51,53,56,49,49,57,62,52,66,58,56,43
Cian Harries,Swansea City,61,CB,56,53,59,26,23,17,29,41,38,42,55,52,58,40,58,59,51,56,53,56,61,61,64,60,60,61,56,62,59,61,50,70,62,63
Daniel Barlaser,Newcastle United,61,CM,56,54,57,54,49,52,48,52,66,57,62,59,58,56,63,64,63,64,63,67,65,49,54,43,43,56,32,43,46,42,38,44,66,32
Dennon Lewis,Watford,61,RM,77,76,78,59,60,56,53,60,72,56,53,50,52,47,49,59,51,64,64,67,64,46,55,30,48,24,22,36,31,44,30,34,52,47
Rhian Brewster,Liverpool,61,ST,77,78,77,59,62,64,55,55,54,47,50,50,41,50,48,50,54,60,75,77,58,59,55,21,55,12,20,17,17,55,40,69,64,56
Nathan Holland,West Ham United,61,LM,82,83,81,51,53,47,56,41,56,45,54,52,51,55,50,55,56,65,75,79,62,59,55,22,30,27,17,21,19,46,43,59,56,40
Tre Pemberton,Stoke City,61,RW,77,77,77,57,51,59,45,61,64,53,53,58,60,45,48,53,54,65,65,70,65,52,57,30,51,22,27,31,34,46,39,46,55,44
Callum Roberts,Newcastle United,61,RM,70,73,68,62,45,63,65,63,61,65,56,43,60,56,48,64,60,65,55,80,61,64,50,21,50,14,22,17,16,45,40,54,59,40
Rekeem Harper,West Bromwich Albion,61,CM,59,61,58,48,59,36,50,56,67,48,59,46,42,44,70,69,55,59,52,67,63,55,48,53,54,51,49,56,63,64,64,61,58,67
Jerome Sinclair,Watford,61,ST,75,76,74,60,59,65,52,63,59,53,52,52,48,39,44,60,47,64,72,72,61,54,58,37,40,43,36,34,32,59,53,52,63,61
Connor Roberts,Swansea City,61,RB,68,70,67,30,44,32,19,41,36,14,50,62,34,18,49,54,42,57,71,70,55,53,44,59,51,60,58,62,60,61,58,61,65,60
Matt Butcher,Bournemouth,61,CM,59,57,61,49,53,49,47,47,54,36,57,48,37,30,63,64,62,61,58,55,66,52,50,54,50,55,50,57,54,66,55,72,66,70
Jack Simpson,Bournemouth,61,CB,54,52,56,33,29,30,26,45,43,37,37,37,29,36,36,40,33,41,54,60,39,52,52,63,66,61,61,64,63,65,52,72,64,69
Edward Nketiah,Arsenal,61,ST,84,86,82,59,63,62,58,57,54,52,45,33,34,28,46,51,52,61,71,70,58,64,53,21,49,16,18,19,15,54,43,75,57,55
Trevoh Chalobah,Chelsea,60,CB,72,71,72,37,34,34,31,42,50,34,47,48,48,43,48,54,36,51,53,59,51,54,48,58,60,58,56,60,59,64,58,66,55,70
Conor Masterson,Liverpool,60,CB,52,50,54,33,33,30,22,43,46,33,33,29,28,37,32,35,36,36,38,46,35,50,50,61,62,62,55,64,63,63,56,59,57,70
Daniel James,Swansea City,60,LW,82,83,82,56,52,58,40,55,71,50,52,56,48,44,43,54,54,64,76,78,59,42,49,27,44,21,25,27,31,52,39,53,50,58
Joel Coleman,Huddersfield Town,60,GK,45,40,49,18,11,17,16,25,22,18,19,11,20,11,17,29,11,25,48,65,19,55,23,13,11,16,14,12,13,46,16,58,40,60
Morgan Feeney,Everton,60,CB,50,49,51,32,31,30,21,45,45,29,33,35,33,30,29,34,35,38,35,50,42,57,50,60,60,60,55,64,64,61,58,65,54,65
Liam Cullen,Swansea City,60,LW,76,75,76,60,52,63,49,55,70,49,51,57,53,41,45,52,50,65,53,82,64,48,57,29,43,22,25,31,32,42,38,45,45,41
Dumeaco Duhaney,Manchester City,60,RB,75,72,78,33,50,27,25,32,51,37,48,56,47,30,44,51,43,59,72,66,59,54,46,56,50,56,52,59,61,63,56,64,67,63
Ethan Ampadu,Chelsea,60,CB,60,63,57,30,29,23,22,33,52,25,52,27,34,27,61,66,58,57,54,67,56,52,51,58,57,56,58,61,57,62,52,75,61,65
Joseph Willock,Arsenal,60,CM,71,70,71,40,58,36,38,47,42,42,57,44,51,46,60,62,63,61,73,72,60,54,57,51,41,56,46,55,51,63,55,57,70,64
Jordan Williams,Liverpool,60,CDM,57,54,59,42,37,42,39,53,43,38,59,49,44,51,61,65,61,55,57,64,57,54,53,59,60,56,56,64,58,64,58,66,50,73
Alex Bradley,West Bromwich Albion,60,RM,64,66,62,49,58,41,49,53,62,46,58,42,42,47,64,75,48,62,55,78,59,61,48,51,56,48,48,50,60,51,62,60,68,37
Marcus Browne,West Ham United,60,CAM,79,77,80,52,54,50,53,48,57,47,56,46,60,64,56,57,60,64,67,71,63,45,54,26,32,22,27,26,21,63,64,53,58,66
Tom Plezier,Swansea City,60,LB,70,71,69,32,54,29,33,45,30,31,46,61,35,32,32,49,41,57,58,67,46,55,50,57,55,51,54,63,66,61,58,61,65,60
Olufela Olomola,Southampton,60,ST,73,68,77,59,56,63,51,62,58,50,40,31,42,30,35,42,51,59,51,76,62,44,54,24,58,20,16,24,24,70,60,65,62,78
Kyle Scott,Chelsea,60,CM,63,61,65,50,50,49,51,49,54,48,62,56,56,51,61,64,68,64,72,73,63,48,62,45,31,44,40,52,51,45,48,34,60,37
Antony Evans,Everton,60,CAM,66,65,67,53,49,50,50,55,63,55,57,55,59,57,54,61,56,65,61,77,66,61,61,42,47,26,50,41,49,51,43,54,69,45
Alfie Jones,Southampton,60,CB,56,54,57,29,26,21,22,44,48,35,35,35,36,34,28,37,35,42,46,68,49,49,48,62,55,61,62,65,66,62,52,68,64,64
Anthony Georgiou, Tottenham Hotspur,60,LM,72,73,71,41,51,36,42,45,45,44,57,69,56,50,51,54,58,64,66,67,61,48,49,55,34,56,56,60,53,54,44,50,60,56
Jayson Molumby,Brighton and Hove Albion,60,CM,59,57,61,51,58,49,45,57,59,45,56,49,46,42,57,61,59,59,62,61,58,60,54,54,48,57,51,57,52,63,69,52,68,59
Luke Dreher,Crystal Palace,59,CM,66,62,69,47,42,44,51,47,56,33,57,41,48,46,64,64,61,60,72,70,63,53,48,48,49,53,45,47,46,59,45,60,57,66
Tony Gallacher,Liverpool,59,LB,73,75,71,35,57,35,34,48,28,34,49,61,54,42,42,49,43,60,71,77,54,52,39,55,40,54,54,60,59,58,59,60,69,52
Conor Mitchell,Burnley,59,GK,44,46,43,16,9,13,16,29,23,16,25,13,17,17,20,31,32,25,33,54,24,47,19,16,15,12,17,16,17,35,20,51,30,42
Reece James,Chelsea,59,RB,63,65,62,47,57,39,44,42,67,42,60,53,49,49,66,70,49,56,55,62,58,59,48,53,54,50,50,57,59,62,63,59,62,62
Christian Maghoma,Tottenham Hotspur,59,CB,52,51,53,32,29,27,29,31,50,30,36,32,28,29,36,41,37,35,42,54,38,53,51,60,63,56,59,62,58,64,50,63,64,70
Aaron Lewis,Swansea City,59,RB,70,68,71,37,52,36,37,43,36,34,41,55,40,34,29,38,44,54,51,55,45,54,48,58,49,54,54,66,59,69,57,62,76,71
Joel Latibeaudiere,Manchester City,59,CB,64,61,66,28,34,25,23,34,38,31,42,33,36,36,46,51,34,46,58,64,48,47,43,60,54,57,62,63,60,61,57,67,64,61
Samuel Shashoua,Tottenham Hotspur,59,RM,77,75,78,43,48,43,41,47,46,39,52,55,43,36,40,57,56,65,74,77,62,46,49,30,25,24,32,32,32,42,44,51,50,36
Jack Kiersey,Everton,59,CM,63,60,66,55,54,53,50,58,67,50,60,54,58,56,63,65,58,63,61,78,64,59,65,44,55,30,44,48,51,43,50,57,44,39
George McEachran,Chelsea,59,CAM,64,65,63,41,53,40,32,50,47,46,61,55,57,53,60,66,64,61,72,74,61,50,63,46,40,35,44,56,54,44,49,50,54,36
Admiral Muskwe,Leicester City,59,ST,68,65,71,56,54,62,43,55,56,49,45,35,47,48,42,49,49,58,69,61,60,52,50,29,62,26,25,25,24,65,58,67,68,67
Toni Gomes,Liverpool,59,ST,72,74,71,58,55,62,58,52,55,42,44,35,46,37,42,49,49,59,62,68,60,55,51,23,53,20,17,23,14,50,31,65,62,50
Tom Dallison,Brighton and Hove Albion,59,CB,54,52,55,26,30,23,23,29,35,21,40,29,29,28,46,45,42,42,48,56,44,46,54,57,62,59,56,57,55,67,56,68,65,73
Nnamdi Ofoborh,Bournemouth,59,CDM,65,62,68,43,41,36,40,55,58,43,52,42,47,43,54,57,54,56,60,59,56,57,43,58,57,57,56,61,58,65,63,62,65,67
Callum Slattery,Southampton,59,CAM,60,55,64,53,55,55,53,42,52,42,57,40,44,63,55,65,62,57,59,57,63,43,52,41,45,36,31,50,46,64,51,53,70,68
Jordan Lee,Bournemouth,59,RB,68,70,66,33,54,32,29,42,29,36,41,55,39,40,30,41,37,55,58,55,50,54,39,58,50,57,57,61,60,64,63,63,70,62
Bobby Adekanye,Liverpool,59,RW,76,77,75,56,52,58,48,52,63,55,49,54,49,44,43,50,49,63,68,70,64,50,55,31,49,21,29,35,30,58,45,55,56,64
Corey Jordan,Bournemouth,59,CB,59,55,62,28,35,22,22,49,41,31,36,33,33,34,34,42,33,43,56,61,50,51,52,58,54,57,58,60,59,68,64,69,65,70
Yan Valery,Southampton,59,RB,61,66,56,34,57,32,37,41,30,34,40,52,43,41,30,36,40,61,56,68,55,56,46,61,51,59,57,69,64,56,62,55,63,51
Tolaji Bola,Arsenal,59,CB,57,59,55,33,32,30,29,42,41,35,36,32,29,32,29,43,36,40,50,62,41,52,49,58,60,53,50,65,68,62,50,67,57,68
 Zech Medley,Arsenal,59,CB,56,57,55,31,32,25,27,47,41,35,37,34,34,29,37,40,37,40,49,58,41,56,50,62,55,60,57,70,63,56,48,70,58,57
Josh Dasilva,Arsenal,59,CDM,71,69,72,53,45,48,54,62,61,54,61,55,55,48,61,65,63,62,50,64,59,56,53,53,58,52,49,56,54,67,53,54,61,77
Layton Ndukwu,Leicester City,58,RM,74,75,74,54,51,53,59,46,54,48,48,52,47,51,41,47,49,65,73,72,60,45,56,27,39,21,24,28,31,57,45,48,66,59
Liam Smith, Newcastle United,58,CM,53,58,49,53,50,51,45,59,63,56,59,52,56,52,61,64,60,61,58,65,60,61,61,43,46,30,45,50,41,53,49,52,42,60
Matt Macey,Arsenal,58,GK,40,38,41,17,12,16,16,28,20,16,21,18,16,17,24,27,12,21,32,33,19,55,24,14,16,20,11,11,14,54,25,51,33,76
Tinashe Chakwana,Burnley,58,RM,80,84,77,50,50,50,48,49,53,51,52,53,53,42,51,53,51,60,71,75,57,41,49,29,41,18,30,29,36,47,35,55,62,44
Dan Kemp,West Ham United,58,RM,72,75,70,47,53,47,48,50,44,40,50,54,50,37,46,52,49,64,77,78,60,57,54,27,30,27,26,27,24,37,30,49,50,33
Nathan Trott,West Ham United,58,GK,36,40,33,10,4,8,7,12,18,7,21,12,13,11,19,25,30,28,38,42,30,44,29,9,12,10,7,10,11,34,25,61,22,40
Kyle Jameson,West Bromwich Albion,58,CB,54,56,53,28,25,22,22,44,43,31,36,36,33,30,35,36,38,38,44,58,36,52,47,59,62,58,52,65,62,60,49,69,58,64
Will Wood,Southampton,58,LB,67,66,68,34,53,31,34,44,32,38,45,53,43,37,38,47,41,54,59,78,51,57,48,57,57,57,53,61,56,54,58,57,64,47
Tyler Cordner,Bournemouth,58,CB,55,56,55,31,32,26,25,43,43,35,35,33,32,37,31,40,31,39,51,64,41,51,51,58,60,56,55,62,58,60,50,72,56,64
James Tilley,Brighton and Hove Albion,58,CAM,69,71,67,57,52,57,60,51,60,48,54,56,64,66,45,55,52,64,76,83,60,43,54,19,49,19,16,15,13,42,36,35,56,38
Oliver Skipp,Tottenham Hotspur,58,CDM,67,68,67,42,32,38,38,54,55,35,55,42,48,42,54,68,50,53,57,55,53,45,46,56,51,51,52,64,55,63,67,60,66,60
Jamie Soule,West Bromwich Albion,58,ST,69,67,71,59,56,62,58,60,56,48,48,43,42,37,37,55,54,59,65,88,55,59,55,23,55,18,17,23,17,40,31,54,61,32
Grady Diangana,West Ham United,58,LM,78,79,77,46,49,43,45,50,50,44,50,54,52,49,47,49,49,64,77,74,62,46,55,26,37,27,32,19,16,58,45,59,63,60
Keelan O'Connell,Bournemouth,58,LM,67,66,67,50,49,50,46,50,55,49,54,53,55,49,52,55,58,59,65,61,55,56,62,38,48,31,41,34,49,51,42,60,64,48
Josef Yarney,Newcastle United,58,CB,53,54,52,29,30,22,22,42,46,35,41,35,30,37,36,52,35,45,39,70,36,55,46,58,58,55,55,62,62,61,52,74,58,64
Matt Worthington,Bournemouth,58,CM,60,62,58,41,54,33,41,52,51,42,55,43,48,47,57,61,57,58,64,69,61,54,52,53,53,55,48,58,52,64,63,65,65,64
Ryan Huddart,Arsenal,58,GK,40,39,40,19,12,19,20,24,21,12,18,13,21,15,18,23,12,25,32,46,27,58,32,19,14,24,21,16,13,44,19,52,32,59
Nathan Ferguson,West Bromwich Albion,58,CB,58,55,61,32,28,29,30,45,41,30,37,35,30,33,33,43,36,38,48,66,37,51,46,61,57,62,58,64,65,52,50,68,55,49
Darnell Johnson,Leicester City,57,RB,70,69,70,34,45,29,31,33,45,33,43,43,35,29,42,49,41,51,63,57,51,50,49,57,52,50,58,60,59,68,60,69,64,74
Joshua Debayo,Leicester City,57,LB,69,66,71,32,32,24,31,48,43,38,39,47,29,33,35,40,38,53,64,65,49,56,51,57,58,57,53,59,58,62,56,68,64,63
Adnan Maric,Swansea City,57,CM,63,64,63,47,49,46,43,45,57,41,55,44,51,41,63,64,50,56,55,60,58,54,58,42,48,40,35,48,47,64,55,53,65,69
Kazaiah Sterling,Tottenham Hotspur,57,ST,75,73,76,57,59,63,53,55,51,41,39,36,43,38,30,43,42,58,70,73,52,57,48,17,46,15,12,13,19,48,42,63,50,48
Keanan Bennetts,Tottenham Hotspur,57,LM,86,82,89,50,44,43,43,70,67,55,51,58,65,73,52,46,42,61,56,69,60,32,40,42,34,41,41,45,41,55,45,46,54,60
Rekeil Pyke,Huddersfield Town,57,ST,78,78,78,53,54,58,49,54,50,40,37,31,33,30,28,43,43,57,70,61,57,52,49,21,52,18,15,20,20,59,33,57,62,68
Nya Kirby,Crystal Palace,57,CAM,77,78,76,42,47,43,39,49,42,34,56,41,37,46,61,68,51,60,80,84,56,44,49,35,34,24,37,40,41,55,42,58,68,54
Tyler Hornby-Forbes,Brighton and Hove Albion,56,RB,71,73,69,28,53,24,30,37,24,29,32,49,26,27,24,27,32,55,66,65,53,55,53,55,45,51,52,61,60,57,49,62,59,58
Ali Koiki,Burnley,56,LB,73,72,73,32,48,29,26,41,38,28,40,45,42,34,35,42,36,50,53,68,50,51,42,52,48,52,50,54,53,62,57,55,72,60
Jordi Osei-Tutu,Arsenal,56,RB,69,68,69,37,49,37,35,50,33,29,36,45,43,34,30,28,44,51,54,65,38,58,48,59,54,56,56,63,65,58,58,61,57,58
Stefan O'Connor,Newcastle United,56,CB,56,51,60,30,21,28,24,31,41,33,39,41,38,21,38,45,30,41,49,61,42,51,53,55,47,56,52,59,61,62,49,71,60,67
Oliver O'Dwyer,Crystal Palace,56,CB,33,32,33,29,31,24,21,47,42,30,35,37,36,30,34,36,31,30,36,30,34,47,43,56,53,54,55,60,57,66,52,64,62,74
Ryan Schofield,Huddersfield Town,56,GK,31,28,33,10,5,9,7,14,17,6,24,12,11,11,23,28,35,16,35,21,17,48,31,11,11,8,8,14,13,34,23,37,24,44
Alex Palmer,West Bromwich Albion,56,GK,32,26,37,16,7,14,14,27,21,16,22,14,15,17,22,30,18,26,34,34,25,49,31,12,12,9,14,12,14,34,20,42,27,43
Tom Dele-Bashiru,Manchester City,56,CM,72,71,72,49,57,49,43,55,53,47,52,39,42,49,55,60,54,59,73,71,54,54,44,46,48,49,38,51,48,59,57,65,59,60
Jason Lokilo,Crystal Palace,56,RM,83,84,83,51,38,46,52,64,62,42,49,57,62,69,45,47,39,62,85,72,53,40,46,24,40,26,17,24,23,51,39,46,59,53
Josh Pask,West Ham United,56,CB,63,62,63,26,33,21,26,21,38,20,38,29,19,26,37,48,38,39,53,52,42,41,47,53,55,52,52,54,52,65,67,63,59,67
Sam Howes,Watford,56,GK,43,47,40,14,11,12,12,18,22,10,25,15,10,14,28,31,28,17,39,58,10,45,23,15,11,18,16,14,10,55,45,61,47,63
Alfie Whiteman,Tottenham Hotspur,56,GK,31,34,28,10,4,9,9,11,17,8,25,14,12,10,25,27,39,20,31,41,23,44,22,12,14,12,8,13,14,39,25,65,26,48
Vashon Neufville,West Ham United,56,LB,78,79,78,27,47,21,23,33,39,20,44,54,47,22,36,45,45,58,75,73,52,58,45,51,35,51,51,54,53,57,56,67,60,54
Sadou Diallo,Manchester City,56,CDM,65,66,65,51,27,51,46,39,65,41,52,32,51,44,56,63,51,59,66,66,62,46,50,52,43,40,55,60,53,61,58,61,63,62
Ntumba Massanka,Burnley,56,ST,84,83,85,53,51,55,49,58,53,50,41,35,48,28,36,44,48,54,69,53,49,47,48,20,52,23,12,19,12,59,32,64,62,67
Ben Johnson,West Ham United,56,RB,75,73,77,29,48,23,30,42,32,30,44,56,47,39,40,44,37,55,68,75,48,57,36,52,41,49,50,58,56,51,54,60,58,45
Jordan Williams,Huddersfield Town,56,RB,75,76,75,31,54,30,27,31,35,23,42,45,32,28,40,45,40,44,62,55,32,55,41,55,50,59,55,54,55,60,54,60,67,58
Warren O'Hora,Brighton and Hove Albion,55,CB,56,55,57,27,26,24,16,40,38,32,43,35,38,29,51,53,34,38,44,50,34,51,44,53,53,51,52,56,54,64,48,67,67,68
Faiq Bolkiah,Leicester City,55,RM,75,78,73,41,46,43,31,54,40,42,46,44,46,41,44,49,43,62,73,76,58,44,43,21,31,23,18,20,18,54,31,48,67,57
Olatunde Bayode,Burnley,55,RM,74,73,74,40,53,38,36,49,44,39,45,53,42,35,34,47,46,56,63,68,55,51,46,46,48,42,48,47,42,56,43,66,68,55
Jordan Holmes,Bournemouth,55,GK,28,30,26,9,4,8,5,11,17,9,29,11,12,11,31,43,32,23,40,39,30,50,40,14,14,9,9,22,11,50,33,52,35,64
Lewis O'Brien,Huddersfield Town,55,RM,65,66,64,42,48,38,41,42,52,45,53,48,42,43,48,59,55,61,71,81,58,44,50,35,40,30,36,35,35,42,51,46,52,33
Luca Colville,Huddersfield Town,55,LM,60,59,60,55,51,63,40,59,53,44,51,56,51,42,48,52,49,57,63,58,61,43,55,28,39,22,29,27,24,43,30,43,36,51
Levi Lumeka,Crystal Palace,55,LM,84,83,85,50,49,47,49,51,57,45,48,52,52,53,46,48,45,60,84,79,54,47,52,22,36,20,18,22,21,49,42,49,36,58
Mark Howarth,Burnley,55,CM,65,64,66,48,52,51,42,50,47,49,55,49,52,51,57,59,54,60,63,70,58,52,55,41,47,32,43,41,44,54,51,57,65,50
Keston Davies,Swansea City,55,CB,57,64,51,20,11,18,16,32,31,12,30,25,23,20,28,41,21,36,49,66,40,40,50,53,60,42,55,57,52,64,60,60,56,70
Daniel Grimshaw,Manchester City,54,GK,46,44,47,16,15,12,18,22,21,18,26,19,22,14,45,31,16,26,38,41,26,51,31,17,17,19,13,21,17,39,21,57,42,42
Denilson Carvalho,Huddersfield Town,54,CAM,59,59,59,39,44,38,37,53,40,40,50,45,54,44,46,52,56,61,61,80,60,51,49,33,35,33,33,32,36,50,42,52,49,53
Vlad Dragomir,Arsenal,54,CAM,67,68,67,43,52,43,42,43,41,46,50,39,46,41,51,54,54,56,67,73,53,48,48,45,42,40,41,51,47,49,45,58,55,46
Rarmani Edmonds-Green,Huddersfield Town,54,CB,65,65,65,24,24,18,19,33,40,23,32,28,26,28,30,38,27,38,42,65,43,51,40,52,49,59,47,54,52,60,53,70,62,61
Regan Booty,Huddersfield Town,53,CDM,59,62,56,48,46,47,45,50,53,46,57,46,65,61,60,62,55,57,57,67,58,50,54,47,39,46,45,51,48,51,40,55,45,58
Brad House,West Bromwich Albion,53,GK,28,21,33,12,5,9,9,13,23,7,19,14,12,12,19,16,31,18,21,46,19,48,26,11,12,13,5,14,11,31,24,51,16,40
Carl Stewart,Watford,50,CM,60,65,55,35,50,26,36,35,53,30,47,39,32,36,53,52,47,52,54,78,51,48,39,39,44,42,35,39,43,55,50,56,61,53
